"condition_id","composition","n","R2","learner","auroc_true.auroc","auroc_naive.auroc","auroc_subject.auroc","brier_true.brier","brier_naive.brier","brier_subject.brier","u_raw","u_q4","n_classes","max_class","prevalence","n_valid","mcse_auroc_naive"
1,"5 continuous",50,0.05,"logistic",0.558368481713087,0.705872156127455,0.516422315346277,0.272356583973319,0.210251166332866,0.274817758309235,1,0.96416,50,1,0.48172,500,0.00295811491646544
2,"3 continuous + 2 binary",50,0.05,"logistic",0.558929682211303,0.705539884539756,0.509340809601576,0.271469408381256,0.210602329348942,0.276459002014739,1,0.55328,50,1,0.4828,500,0.00284178319352412
3,"2 continuous + 3 binary",50,0.05,"logistic",0.560270784339147,0.707421482302104,0.515330324419393,0.271307436931897,0.209897316146318,0.274116028666785,1,0.10136,50,1,0.473,500,0.00283499677362644
4,"1 continuous + 4 binary",50,0.05,"logistic",0.559905516077075,0.701980882266254,0.503665258442862,0.270276580908475,0.212197318164177,0.277829201494537,1,0.0034,50,1,0.48376,500,0.00272022463304706
5,"5 binary",50,0.05,"logistic",0.561251354434381,0.69880070549621,0.508201576865617,0.270922700298506,0.210806182683609,0.275243015337756,0.21212,0,25.536,4.61,0.48236,500,0.00293194733403667
6,"5 continuous",100,0.05,"logistic",0.575478154058419,0.661684146721397,0.54055751855707,0.254794569137782,0.225647046058778,0.257163503261852,1,0.91936,100,1,0.47924,500,0.00212530007807682
7,"3 continuous + 2 binary",100,0.05,"logistic",0.576826083794041,0.663616110751,0.542664142881453,0.254133898833849,0.225734440808644,0.257046208338138,1,0.2651,100,1,0.47946,500,0.00207390020585904
8,"2 continuous + 3 binary",100,0.05,"logistic",0.576909258984305,0.664231508067697,0.542718823224042,0.254932115000631,0.225538536501659,0.257047343618789,1,0.01264,100,1,0.48326,500,0.00214245275767693
9,"1 continuous + 4 binary",100,0.05,"logistic",0.57844540291803,0.667828940000677,0.549062166794085,0.254642855754892,0.224724386200899,0.255702152945696,1,0,100,1,0.47972,500,0.00205603881261875
10,"5 binary",100,0.05,"logistic",0.576090402178092,0.659160255431637,0.539530443376258,0.254399019979806,0.225743959948696,0.256932842643005,0.04304,0,30.702,7.238,0.47998,500,0.00206847785274183
11,"5 continuous",200,0.05,"logistic",0.590919049235817,0.640370181134755,0.572395860644568,0.247049415588485,0.232372377739275,0.247445503881465,1,0.83256,200,1,0.47947,500,0.00163004521993151
12,"3 continuous + 2 binary",200,0.05,"logistic",0.591103134926727,0.638540339779538,0.567737750021242,0.246861863796152,0.232977530267327,0.248324747913232,1,0.05969,200,1,0.48417,500,0.00159117451919575
13,"2 continuous + 3 binary",200,0.05,"logistic",0.591443123104992,0.641198540114905,0.571571754477727,0.247029258800258,0.232221013582896,0.247430488869464,1,5e-04,200,1,0.47959,500,0.00164250340521928
14,"1 continuous + 4 binary",200,0.05,"logistic",0.591580199106345,0.638976568093339,0.56815001774139,0.246752121673763,0.233030218159995,0.24811962838391,1,0,200,1,0.48314,500,0.00160217181211227
15,"5 binary",200,0.05,"logistic",0.59200789693588,0.638580628490136,0.570799495156788,0.247079684645773,0.232220990071992,0.247442357443968,0.00197,0,31.94,11.942,0.48074,500,0.00157650570662118
16,"5 continuous",50,0.15,"logistic",0.641272176361083,0.75309246932097,0.597763761730661,0.251473344024834,0.194129721102683,0.25508015796197,1,0.96628,50,1,0.47332,500,0.00299395429570027
17,"3 continuous + 2 binary",50,0.15,"logistic",0.644037817683497,0.752964411065893,0.593719274465172,0.250363921106374,0.194823145097503,0.257085223325217,1,0.54868,50,1,0.47976,500,0.00287993278061635
18,"2 continuous + 3 binary",50,0.15,"logistic",0.646330541604861,0.756707858354492,0.601077778248629,0.249612670186251,0.193381054746401,0.255132535640264,1,0.1014,50,1,0.47708,500,0.00294783161267576
19,"1 continuous + 4 binary",50,0.15,"logistic",0.644591688917775,0.755328582122822,0.601405166970578,0.250692751974605,0.19341212227812,0.253820186979741,1,0.00556,50,1,0.48148,500,0.00293400317185632
20,"5 binary",50,0.15,"logistic",0.645737261822793,0.745353031596062,0.589290104511657,0.247991662196282,0.195952215429036,0.258027443339347,0.21,4e-05,25.408,4.618,0.47968,500,0.00284509559622594
21,"5 continuous",100,0.15,"logistic",0.663410526220648,0.727221561588614,0.644598876284666,0.23587268114343,0.207261445342707,0.236063001568343,1,0.91884,100,1,0.48306,500,0.00202789465585014
22,"3 continuous + 2 binary",100,0.15,"logistic",0.665246086652984,0.722366815193105,0.634520162311218,0.234542013685238,0.20898967961069,0.23894477422671,1,0.25964,100,1,0.47986,500,0.00214134826994488
23,"2 continuous + 3 binary",100,0.15,"logistic",0.667033300079169,0.725577183536784,0.638679317133479,0.234529213577287,0.207877221895078,0.237431448191924,1,0.01222,100,1,0.47912,500,0.00218159777210294
24,"1 continuous + 4 binary",100,0.15,"logistic",0.669498700395373,0.724962315109898,0.638122794144668,0.234112973789342,0.208153183183317,0.237468471731316,1,0,100,1,0.48122,500,0.0021347418130381
25,"5 binary",100,0.15,"logistic",0.667542696472194,0.721935091932544,0.639154511242317,0.234542606021418,0.207800447051696,0.236857663293815,0.04356,0,30.698,7.33,0.48348,500,0.00213608597181208
26,"5 continuous",200,0.15,"logistic",0.678853686548218,0.709540571521881,0.665492027723223,0.227666687794986,0.2145166248138,0.228717330821735,1,0.83342,200,1,0.4799,500,0.00153912286520589
27,"3 continuous + 2 binary",200,0.15,"logistic",0.680237126451673,0.710570446660726,0.666530343310799,0.227324734846711,0.214349964865104,0.228537229661697,1,0.05685,200,1,0.47945,500,0.00149329466119749
28,"2 continuous + 3 binary",200,0.15,"logistic",0.679879452528649,0.712427661800561,0.667717073416298,0.227620577379665,0.213776281208436,0.228121223590551,1,0.00071,200,1,0.4795,500,0.00159155074140918
29,"1 continuous + 4 binary",200,0.15,"logistic",0.681368192331313,0.713413315715929,0.668538020057633,0.22738612450254,0.213298212977901,0.227654835011822,1,0,200,1,0.47785,500,0.00159621185493932
30,"5 binary",200,0.15,"logistic",0.681581882866531,0.708340276009973,0.663739833501497,0.226734608403588,0.214225198625263,0.228610045217331,0.00205,0,31.962,11.888,0.4774,500,0.001562451924845
31,"5 continuous",50,0.3,"logistic",0.729279418897036,0.810216735420074,0.69171805482559,0.221818347647073,0.171580428057178,0.227503192041834,1,0.96588,50,1,0.4838,500,0.00261954072110594
32,"3 continuous + 2 binary",50,0.3,"logistic",0.730917915829293,0.816967661187743,0.696890978635013,0.222774039451286,0.168072274610311,0.226038774351431,1,0.56068,50,1,0.47924,500,0.00284235928572286
33,"2 continuous + 3 binary",50,0.3,"logistic",0.730536685802204,0.81252783348639,0.688291750365895,0.222558194248566,0.170199813364839,0.228727557321697,1,0.09832,50,1,0.48196,500,0.00274494998447414
34,"1 continuous + 4 binary",50,0.3,"logistic",0.732012580370828,0.813573686250138,0.691690294273209,0.22149266503421,0.170146700914895,0.227797263605144,1,0.00344,50,1,0.47892,500,0.00276566569122838
35,"5 binary",50,0.3,"logistic",0.734015956446592,0.808792581840588,0.692708971565848,0.220311148105899,0.170036534173887,0.226805321030568,0.21308,0,25.492,4.624,0.48552,500,0.00270370242381506
36,"5 continuous",100,0.3,"logistic",0.748637252598691,0.790732718537655,0.729391613411986,0.207806511206773,0.183103820858787,0.209828757959505,1,0.92244,100,1,0.47992,500,0.00202988323085424
37,"3 continuous + 2 binary",100,0.3,"logistic",0.751118780236836,0.791740719350901,0.729623737347224,0.206907803273098,0.182703342194091,0.209832335183955,1,0.25972,100,1,0.47886,500,0.00209243083914374
38,"2 continuous + 3 binary",100,0.3,"logistic",0.753177757856311,0.790297075233212,0.7274672379617,0.205962291873265,0.183530775282594,0.210794366224159,1,0.01354,100,1,0.48324,500,0.00204558008092855
39,"1 continuous + 4 binary",100,0.3,"logistic",0.752771517832852,0.795309346958229,0.733848024713061,0.206315651719603,0.181251275014362,0.208066883921689,1,0.00016,100,1,0.47752,500,0.00202289291609096
40,"5 binary",100,0.3,"logistic",0.752620157179562,0.789712507286422,0.730344128348586,0.205720768897133,0.181950339785138,0.208957386247026,0.04336,0,30.67,7.296,0.4818,500,0.00187593136552402
41,"5 continuous",200,0.3,"logistic",0.759501572275868,0.782647893159774,0.752159682040819,0.200919760800476,0.188316464791618,0.201184178189874,1,0.83419,200,1,0.4829,500,0.00142448966058267
42,"3 continuous + 2 binary",200,0.3,"logistic",0.761784701010756,0.782298843469697,0.750874120188264,0.200021714056475,0.188416323995016,0.201629367977206,1,0.05861,200,1,0.47924,500,0.00140504932018732
43,"2 continuous + 3 binary",200,0.3,"logistic",0.762229672361894,0.782864424620585,0.750811640906071,0.200084701090848,0.188057381928265,0.201522490774441,1,0.00052,200,1,0.48025,500,0.00148874193476992
44,"1 continuous + 4 binary",200,0.3,"logistic",0.762935296978956,0.785083649188753,0.753893799233107,0.199714944354413,0.187117971406811,0.200314935716529,1,0,200,1,0.48124,500,0.0013605047583035
45,"5 binary",200,0.3,"logistic",0.762017976544355,0.780762252611464,0.748745212116727,0.199127411447356,0.187580158445981,0.200507193084096,0.00188,0,31.956,12.074,0.48068,500,0.00146300305948814
46,"5 continuous",50,0.05,"xgboost",0.529745006023308,1,0.499318325174624,0.354620630760492,0.00301051779938159,0.364708708224656,1,0.9678,50,1,0.47608,500,0.000964867931595227
47,"3 continuous + 2 binary",50,0.05,"xgboost",0.526454535260232,1,0.497191154018243,0.355296563549564,0.00561134927031756,0.363050058428463,1,0.54852,50,1,0.47416,500,0.00100895821978443
48,"2 continuous + 3 binary",50,0.05,"xgboost",0.52499145226204,1,0.492197529818544,0.353196304517971,0.00941714221073185,0.362989579777571,1,0.09592,50,1,0.48048,500,0.000945699152042882
49,"1 continuous + 4 binary",50,0.05,"xgboost",0.52573419426099,0.99999025974026,0.502477425286134,0.352376930531782,0.0208255923737715,0.358485133796321,1,0.0032,50,1,0.48552,500,0.00101021065621325
50,"5 binary",50,0.05,"xgboost",0.533434355766182,0.892483054704206,0.503302561444211,0.352116610686418,0.121894404472545,0.362007378641342,0.21312,4e-05,25.504,4.638,0.4786,500,0.00199169233495341
51,"5 continuous",100,0.05,"xgboost",0.534052848311036,1,0.520130460754232,0.315385145128064,0.0207539457075825,0.320302791702145,1,0.92028,100,1,0.4787,500,0.000865027004419748
52,"3 continuous + 2 binary",100,0.05,"xgboost",0.531284292424481,0.999993534027486,0.523437151558559,0.314827543200789,0.0304070341709901,0.316921495121095,1,0.25638,100,1,0.47884,500,0.000857323482815462
53,"2 continuous + 3 binary",100,0.05,"xgboost",0.531145885335775,0.999944375888938,0.512806219595308,0.312459942132449,0.0401270788021224,0.319465138139193,1,0.0124,100,1,0.48278,500,0.000857663170543832
54,"1 continuous + 4 binary",100,0.05,"xgboost",0.53341384679934,0.997251241824011,0.517552954785707,0.310645064872616,0.0651834959789722,0.316823422153063,1,0,100,1,0.48208,500,0.000862154466589129
55,"5 binary",100,0.05,"xgboost",0.539875749774549,0.808660752378606,0.520246366034609,0.302389019569297,0.171841985015629,0.310247370127553,0.04322,0,30.692,7.302,0.47946,500,0.00179965045949275
56,"5 continuous",200,0.05,"xgboost",0.542505312802864,0.999415944328356,0.53280757090798,0.286350601965963,0.0614083475608037,0.290098228464773,1,0.83377,200,1,0.48287,500,0.000771552529585012
57,"3 continuous + 2 binary",200,0.05,"xgboost",0.537565734475621,0.997853855692855,0.52919728410141,0.286185931141269,0.0751263966087686,0.289135308128694,1,0.05997,200,1,0.47819,500,0.000707760936524176
58,"2 continuous + 3 binary",200,0.05,"xgboost",0.537671004636878,0.994727137820638,0.528535436034344,0.285316474705832,0.0857128732489947,0.288518342425396,1,0.00057,200,1,0.47853,500,0.000722626374368349
59,"1 continuous + 4 binary",200,0.05,"xgboost",0.541591220147595,0.96522995419805,0.531206107508676,0.283286183356182,0.116133823834378,0.287116720674636,1,0,200,1,0.47957,500,0.000812917644047478
60,"5 binary",200,0.05,"xgboost",0.555446645326663,0.731105730276144,0.536035422068612,0.270282624384126,0.205065710245524,0.274665365532445,0.00182,0,31.956,11.998,0.48037,500,0.00137109173318659
61,"5 continuous",50,0.15,"xgboost",0.576340998896042,1,0.540612959885093,0.335699458496399,0.0025215839529007,0.346363818628737,1,0.96488,50,1,0.48164,500,0.00139650597176498
62,"3 continuous + 2 binary",50,0.15,"xgboost",0.573544665315132,1,0.541773032008831,0.335003702054875,0.00464901215584731,0.343247499642722,1,0.54624,50,1,0.47912,500,0.00144728789768676
63,"2 continuous + 3 binary",50,0.15,"xgboost",0.572961301624936,1,0.540043253000904,0.333583699953014,0.00734719451352462,0.343165718673986,1,0.09008,50,1,0.48312,500,0.00147316068341
64,"1 continuous + 4 binary",50,0.15,"xgboost",0.575274225454074,1,0.546994612539471,0.331253701021847,0.0168444252865773,0.340162484587593,1,0.00188,50,1,0.47856,500,0.00148927213555799
65,"5 binary",50,0.15,"xgboost",0.592760382608087,0.906581356544801,0.571731937950988,0.324859849669685,0.112875304328102,0.329815328018308,0.20988,0,25.414,4.656,0.48044,500,0.00216609818988641
66,"5 continuous",100,0.15,"xgboost",0.595731842372386,1,0.583238131910229,0.29445841609555,0.0172516811951613,0.297185813754153,1,0.91942,100,1,0.4782,500,0.0011344231122733
67,"3 continuous + 2 binary",100,0.15,"xgboost",0.587099790744583,0.999997578225717,0.57076417083694,0.295642541038136,0.0247112050002526,0.300642698050014,1,0.24882,100,1,0.47934,500,0.00110662879060798
68,"2 continuous + 3 binary",100,0.15,"xgboost",0.587083710336527,0.999948363352448,0.568968301626626,0.294059197754598,0.0334139603555077,0.301089072788064,1,0.01526,100,1,0.48094,500,0.00107794893459266
69,"1 continuous + 4 binary",100,0.15,"xgboost",0.593907124283182,0.998028163684441,0.569910526986984,0.289518268167233,0.0556713942001113,0.2984883781745,1,8e-05,100,1,0.4765,500,0.00114054201245955
70,"5 binary",100,0.15,"xgboost",0.612357187824165,0.838820325642916,0.595201333798408,0.27834054645228,0.157581801331226,0.283445357920567,0.0428,0,30.68,7.19,0.48174,500,0.00171800495755481
71,"5 continuous",200,0.15,"xgboost",0.612634199280976,0.999505695058389,0.604479757785322,0.266036107196508,0.0524197573303006,0.268669093762889,1,0.8354,200,1,0.48092,500,0.000864422973407758
72,"3 continuous + 2 binary",200,0.15,"xgboost",0.605972753981313,0.99800517097587,0.597177153078833,0.267312284443816,0.0639062323470189,0.270051291434977,1,0.06372,200,1,0.48115,500,0.000870157918719878
73,"2 continuous + 3 binary",200,0.15,"xgboost",0.606270246515794,0.995472908855393,0.596829997231535,0.266725631913672,0.0732389097579788,0.269624744637872,1,0.00045,200,1,0.48271,500,0.000858008270237581
74,"1 continuous + 4 binary",200,0.15,"xgboost",0.611187392727427,0.97100943817676,0.597894010121701,0.263696446881547,0.102178802987681,0.268264583827279,1,0,200,1,0.48078,500,0.000948670340544195
75,"5 binary",200,0.15,"xgboost",0.63796984038092,0.775005922871844,0.620067476133987,0.248591889681357,0.188521392137931,0.252514913068727,0.00183,0,31.95,11.946,0.48065,500,0.00133358079734461
76,"5 continuous",50,0.3,"xgboost",0.643799277141856,1,0.617949170092802,0.303683884565083,0.00166933794402724,0.307564888400605,1,0.96496,50,1,0.48132,500,0.00149215654658801
77,"3 continuous + 2 binary",50,0.3,"xgboost",0.636987114144765,1,0.608577187769353,0.306298490286576,0.00337428329994503,0.311810438901664,1,0.55964,50,1,0.48344,500,0.00153889504997282
78,"2 continuous + 3 binary",50,0.3,"xgboost",0.635360699916935,1,0.610740933194739,0.305782965378333,0.005001143509491,0.309787385977551,1,0.10036,50,1,0.47968,500,0.0017139905537727
79,"1 continuous + 4 binary",50,0.3,"xgboost",0.6436129985041,1,0.612594728535203,0.300997003208741,0.0120859701414034,0.309057013472869,1,0.00332,50,1,0.47832,500,0.00168463217240855
80,"5 binary",50,0.3,"xgboost",0.671037277454048,0.924809934171736,0.639955689849099,0.28635791919129,0.100409089194799,0.296895489582456,0.20696,0.00016,25.38,4.65,0.48164,500,0.00197520179774069
81,"5 continuous",100,0.3,"xgboost",0.667602573583694,1,0.650152631378312,0.265394130317671,0.0127328350863747,0.270879187521563,1,0.92012,100,1,0.48212,500,0.00114395939514073
82,"3 continuous + 2 binary",100,0.3,"xgboost",0.661426927310224,1,0.643288492136602,0.266761497355652,0.0184277703058634,0.272709135838814,1,0.25858,100,1,0.48094,500,0.00124731961195673
83,"2 continuous + 3 binary",100,0.3,"xgboost",0.661675847425377,0.999983154011294,0.639045016838778,0.265498643416547,0.0244106961696848,0.274315773465494,1,0.0127,100,1,0.48206,500,0.00124253172008378
84,"1 continuous + 4 binary",100,0.3,"xgboost",0.670270184892742,0.999114042430363,0.652498146223375,0.260525105257927,0.0432212776366489,0.266481973776637,1,0.00048,100,1,0.48258,500,0.00121320495420666
85,"5 binary",100,0.3,"xgboost",0.69596218294952,0.874738167287732,0.675734587364166,0.244856848633994,0.138193075634537,0.252067269409076,0.04306,0,30.788,7.28,0.47646,500,0.00164727165962245
86,"5 continuous",200,0.3,"xgboost",0.692808306111767,0.999556722373263,0.682211081550652,0.238162006066533,0.0414752226272525,0.241570811168454,1,0.83342,200,1,0.47968,500,0.000746055952994945
87,"3 continuous + 2 binary",200,0.3,"xgboost",0.688972801984615,0.998616194475942,0.675325395811867,0.238431575657108,0.0510838059998465,0.243618581551259,1,0.06193,200,1,0.48112,500,0.000839442094361537
88,"2 continuous + 3 binary",200,0.3,"xgboost",0.688750482401111,0.996239656718334,0.676356317914395,0.238302079941879,0.0601899991087149,0.242500431137175,1,0.00053,200,1,0.47948,500,0.000823678247921705
89,"1 continuous + 4 binary",200,0.3,"xgboost",0.697188912548572,0.978018104797125,0.683810355993975,0.233906596129422,0.0851435674798074,0.238213071977577,1,0,200,1,0.47745,500,0.000753982359978625
90,"5 binary",200,0.3,"xgboost",0.727492721014313,0.826801491628624,0.710167101754975,0.217930762576964,0.165275293254721,0.221553743787789,0.00185,0,31.954,11.984,0.4788,500,0.00132123850691961
