"condition_id","n","p_L","ICC","rho","u_q4","u_q10","stab_q4","stab_q10","nn_subj","nn_row","mcse_u_q4","mcse_u_q10","mcse_stab_q4","mcse_stab_q10","mcse_nn_subj","mcse_nn_row"
1,50,2,0,0.3,0.035827891708036,0.714029584177975,0.0899240384922789,0.0159944604387644,0.0334248395982522,0.0284533333333333,0.000663961234406603,0.00229225925360181,0.0010819688953128,0.000495866638118384,0.000650144216317676,0.00030699130730077
2,50,2,0.1,0.3,0.0352642141376949,0.718212987332809,0.148197417949236,0.030825358427903,0.0643986208953564,0.0443466666666667,0.000762507070657653,0.0023865229431524,0.00136236430248106,0.000696939724585747,0.000861108412041299,0.000460838456116022
3,50,2,0.3,0.3,0.0347201363185255,0.709495151587644,0.240617867487889,0.0595421480596963,0.121154253283801,0.0736266666666667,0.000879603169863227,0.00307836489942863,0.00178097195339617,0.000917137768995302,0.00122735477418103,0.000581602169179024
4,50,2,0.5,0.3,0.0361357461370472,0.71395485493978,0.334037398128055,0.0912984628382348,0.189390353303929,0.110276666666667,0.00097976240605606,0.00333119366640459,0.00238447252402761,0.00118065926274511,0.00184009248078497,0.000881743330538536
5,50,2,0.7,0.3,0.0330794102674053,0.7177839922434,0.450018506976296,0.149147234809314,0.302519031805817,0.177003333333333,0.00105637603614583,0.00343835331756158,0.00290984223262337,0.00170128687185179,0.00231973839177084,0.0013466421005438
6,50,2,0.9,0.3,0.0338589157217848,0.71782737706574,0.640404851524675,0.297765700436155,0.551928107094681,0.363176666666667,0.00114829074670168,0.00366564057484992,0.00255309570562223,0.00205353348166304,0.00296744486247382,0.002088611952549
7,50,2,0.95,0.3,0.0352259448934596,0.713426439162858,0.724274657324526,0.398025449740969,0.693586114713642,0.508796666666667,0.00113435619023042,0.00418963899353729,0.0026558106508666,0.00286454421277742,0.00275175189567319,0.00268730164240134
8,50,2,0.99,0.3,0.0358771602397177,0.720878370265346,0.846926532225489,0.625959073854803,0.910075388342773,0.820393333333333,0.0012730195703748,0.00421576194665813,0.00185543145929944,0.00260866785808386,0.00186153451306536,0.00223923787585344
9,50,2,1,0.3,0.0356919066806622,0.721827717497662,1,1,1,1,0.00128451281307598,0.00436354255539177,0,0,0,0
10,50,2,0,0.7,0.0357956636614673,0.718976399429917,0.163071684216223,0.0356219761146211,0.0727741363365996,0.0480366666666667,0.00082558647083542,0.00251560421473163,0.00151980464803155,0.00075502999001713,0.000822168198368568,0.000413809567867832
11,50,2,0.1,0.7,0.0355990485511606,0.713355368272883,0.204681680268714,0.0503915378222131,0.098348017626416,0.0607333333333333,0.000819908290796287,0.00300107853109234,0.00174821338779995,0.000899322072521544,0.00111470072247457,0.000543311187389718
12,50,2,0.3,0.7,0.0358933685512823,0.713293752399884,0.27936277738752,0.0734909297656008,0.151359485454249,0.08798,0.000856739514013256,0.00288485622347313,0.00201365224156806,0.00112012202807057,0.00157595663053065,0.000780812759275525
13,50,2,0.5,0.7,0.0361957445119404,0.714342495132928,0.367583269503389,0.108230697063735,0.22318243355974,0.125623333333333,0.000995126229060598,0.00333216357764851,0.00233196794490879,0.00123958928269314,0.00173444488054703,0.000962821759107137
14,50,2,0.7,0.7,0.0349379362379566,0.71626344063302,0.479177505560392,0.166873640134352,0.338749446069396,0.196676666666667,0.00109287442419307,0.00382169989598674,0.00267822502840636,0.00155331970762521,0.0023367438937218,0.00146913510489979
15,50,2,0.9,0.7,0.0354314812120319,0.717904416326442,0.664107852128899,0.319588664752844,0.58146528002256,0.388763333333333,0.00112110164924493,0.00408665074730481,0.00249467317040275,0.00224077806406598,0.0027713981298983,0.00229035994723185
16,50,2,0.95,0.7,0.0346263599277908,0.716429344440507,0.740107268626342,0.423496197671413,0.719316263373317,0.537103333333333,0.00121706322538077,0.00417768045766779,0.00233098680685111,0.00261073745432412,0.00253882654280127,0.00253952605302269
17,50,2,0.99,0.7,0.0360828303550854,0.721514841237506,0.855959402874634,0.639107839365363,0.918049624833938,0.834616666666667,0.00125309320618392,0.00455344310096686,0.00174405484244858,0.00273358938314895,0.00183655187657613,0.00233503138739565
18,50,2,1,0.7,0.0323328156665495,0.717777850944634,1,1,1,1,0.00112083494069523,0.00481163367155283,0,0,0,0
19,50,5,0,0.3,0.966592261963423,0.999749387901938,0.0022520356713313,5.16943951493641e-05,0.0449411412356749,0.0347,0.00091594075210235,7.03448441356813e-05,0.000164416090264297,2.28945453103311e-05,0.000707017426599117,0.000355533744445474
20,50,5,0.1,0.3,0.96757440012679,0.999791187219569,0.0089291484241442,0.000240161839944118,0.141366424799992,0.0763933333333333,0.00121050840426346,6.45291554042981e-05,0.000319531364485333,5.15269024142506e-05,0.0013397803628856,0.000645703750440814
21,50,5,0.3,0.3,0.965601358003202,0.999834998914459,0.0296906671234317,0.00111373985779943,0.351615414874163,0.17465,0.00134733939753557,7.06719236423932e-05,0.000581585310946299,0.000116845070741397,0.00215919030196188,0.00114857654723958
22,50,5,0.5,0.3,0.96799835366257,0.999788968547641,0.0673193656833135,0.00303574647899838,0.579850401745592,0.318546666666667,0.00156685485301313,7.18587324052749e-05,0.00111317777316144,0.00018112681554826,0.00266029112059226,0.00164261887289344
23,50,5,0.7,0.3,0.966495098759426,0.999812799514811,0.142421821051847,0.00986287552303043,0.805829722821298,0.549843333333333,0.00178488315970502,8.44163489550962e-05,0.00162971057370445,0.000369513601844312,0.00216372572956533,0.00233027786305403
24,50,5,0.9,0.3,0.969367215943308,0.999709037660393,0.337123559719787,0.0543547980428997,0.976115804564035,0.910306666666667,0.0017478161353277,0.000145520046535464,0.00242049674370998,0.000866553334941398,0.000625747922667309,0.00147965046350054
25,50,5,0.95,0.3,0.969880288119506,0.999876240411058,0.455525214915136,0.106978715262413,0.994843662038316,0.979183333333333,0.00192802668867414,8.66855118848392e-05,0.00248332543271939,0.00142126987885103,0.000292610915929932,0.000568882994586647
26,50,5,0.99,0.3,0.964720581835476,0.999834058018212,0.668355210820347,0.314163082178474,0.999906843019817,0.999563333333333,0.00221536844649299,0.000126778788540786,0.00240427301198511,0.0022271993941112,4.1994827041474e-05,7.81696675769443e-05
27,50,5,1,0.3,0.961924938133488,0.999500931378102,1,1,1,1,0.00207578687280477,0.00027111532962219,0,0,0,0
28,50,5,0,0.7,0.968134004106128,0.999814555652048,0.0113323950139905,0.000334096386968186,0.168092552303414,0.0860166666666667,0.00115036716703457,6.72656011379051e-05,0.000376944213303234,6.33507536928845e-05,0.00153305430859212,0.000660193658879737
29,50,5,0.1,0.7,0.965424963035852,0.999958758503401,0.0196041773245797,0.000535423164892902,0.262127562676158,0.125613333333333,0.00121991547476541,2.90903392835294e-05,0.000458558453736535,7.8934465756772e-05,0.00184484057600617,0.000889712404677719
30,50,5,0.3,0.7,0.965484381657827,0.999855780141844,0.0457476177119942,0.00164741440295458,0.456976560156997,0.2267,0.00157010581071563,6.07279605871409e-05,0.000902786111731203,0.000139258502215127,0.00266882861504946,0.0015000893329066
31,50,5,0.5,0.7,0.967438746334816,0.999649127130963,0.0904709764216892,0.00481013157101636,0.658901159574821,0.378446666666667,0.00138418651548736,0.000182549649908056,0.00110970647408392,0.000243958648790488,0.00271440095027406,0.00201053123474771
32,50,5,0.7,0.7,0.967703627907693,0.999895179804997,0.169604498618992,0.0138168963775613,0.843937540771839,0.607446666666667,0.0016158604429155,4.64549529619913e-05,0.00161776523038324,0.000414773463330469,0.00193414892861486,0.0023061499116172
33,50,5,0.9,0.7,0.9679244528822,0.999771647488783,0.360444578269584,0.0608607614938362,0.980676431353343,0.925673333333333,0.00182497722099247,0.000114553563778181,0.0026514951086735,0.000931765652766589,0.000612017117363306,0.00130872594371647
34,50,5,0.95,0.7,0.967284400455742,0.999646910724512,0.478477663664728,0.123636198055251,0.996331466901098,0.98339,0.00196475136296822,0.000151905244864884,0.00254863309908415,0.00146805916301847,0.000239885688519168,0.000501026918637442
35,50,5,0.99,0.7,0.967294922222709,0.999854909443889,0.684028534393539,0.341170028101017,0.999938120205529,0.99965,0.00188558446249578,0.000110808438903808,0.00245262602982346,0.00230895563057794,3.24692578759468e-05,7.97731988875226e-05
36,50,5,1,0.7,0.96639483754078,0.999897446808511,1,1,1,1,0.00206906114651548,7.4079381435395e-05,0,0,0,0
37,100,2,0,0.3,0.000575997667290759,0.427914264627885,0.0887532874302839,0.0163357584489165,0.017204208542582,0.0148316666666667,6.91028363517135e-05,0.00136163908183513,0.000771692708690776,0.000358309622409385,0.000306730188334362,0.000177990481178867
38,100,2,0.1,0.3,0.000662527401342638,0.424145432103005,0.148669694757389,0.031422249684272,0.0349356169333285,0.023785,0.000105165669901376,0.00145783564855344,0.00101255705392939,0.00047884401326723,0.000436610668567684,0.000221031255132376
39,100,2,0.3,0.3,0.000511714293595553,0.424979015505752,0.240755719940677,0.0593867972842216,0.0711204884881584,0.0416416666666667,8.27002654991225e-05,0.00179233320935983,0.00134873431835647,0.000686991956449979,0.000685712579454208,0.000309679482545337
40,100,2,0.5,0.3,0.000387900211328257,0.427220959467578,0.336741079764827,0.0966694742723291,0.119363588591087,0.0652416666666667,7.68057663986019e-05,0.00204738441709993,0.00179595146352935,0.000819161976867292,0.000938560878341083,0.00043348752249725
41,100,2,0.7,0.3,0.00088623145415349,0.422849728708945,0.459333953854355,0.15677528151873,0.196286719211388,0.10704,0.000129089572739788,0.0019652243839324,0.00180082555043121,0.00110982902594383,0.0013122126384235,0.000700377022181146
42,100,2,0.9,0.3,0.000652636468605169,0.431529310120576,0.658557453329803,0.314187998996972,0.40272544696206,0.23917,0.000106216691725956,0.0026491406434052,0.00194920268316108,0.00170519858044286,0.00183119556140844,0.00116746560344693
43,100,2,0.95,0.3,0.000585091921826989,0.425181168202365,0.746070428384112,0.431553806141201,0.553646354107541,0.362243333333333,0.000104385208354332,0.00276521591623298,0.0018093234069051,0.00174209317733942,0.00199901494263503,0.00158385860986255
44,100,2,0.99,0.3,0.000502396405789727,0.421392935636679,0.868204795138128,0.668227729997756,0.837504321823512,0.696963333333333,0.000135438307925686,0.00247168421886473,0.00143780097914292,0.0021150963831901,0.0017140174177605,0.0020195413153762
45,100,2,1,0.3,0.000549861457866487,0.428009699156548,1,1,1,1,0.000107587141285349,0.00282955476462774,0,0,0,0
46,100,2,0,0.7,0.000601460394617551,0.426699752003353,0.162805302746891,0.0361583395941624,0.0398697357129286,0.0260466666666667,8.77838505510911e-05,0.00162060037111431,0.001172511205658,0.000538555236617131,0.000473842450891746,0.00022369467505812
47,100,2,0.1,0.7,0.000800325407271816,0.425270402111613,0.203963185233687,0.0475559362800399,0.0554200498937762,0.0333966666666667,9.11455628692834e-05,0.00164072458897319,0.00133347168291583,0.000661503963404079,0.000611874596524979,0.000325934553757857
48,100,2,0.3,0.7,0.000601603948788789,0.426633271863378,0.284688892727218,0.0757015540785994,0.0910995238445256,0.0501016666666667,9.06667876430468e-05,0.00193033553216742,0.00144577565386005,0.000781068619642903,0.000791337815094406,0.000404091287069981
49,100,2,0.5,0.7,0.000396995972277242,0.42516847814841,0.372764120472988,0.112003712121405,0.139072640153345,0.0743233333333333,6.85229584483782e-05,0.00212201816989237,0.001774088634924,0.00099186851178733,0.000992268503928799,0.000501410127676174
50,100,2,0.7,0.7,0.000574537155406251,0.427784210683826,0.493288764824329,0.177973530265826,0.224615197001407,0.119613333333333,0.000102154319416293,0.00242536975320767,0.00204435412489495,0.00122289132449933,0.00136184077893085,0.000746113847756167
51,100,2,0.9,0.7,0.000740389084209522,0.425345066586794,0.679328846338216,0.339251337575306,0.435548209023979,0.259965,0.000120906715954804,0.00260140046403625,0.00176055418817997,0.00144856567613047,0.00174231642152764,0.00124016487597335
52,100,2,0.95,0.7,0.000512004636621332,0.427440915932576,0.763663291259337,0.458939235879946,0.588127463849892,0.389958333333333,0.000111424420130151,0.0027592111079853,0.00166935493276187,0.0018813042778406,0.00217500726497972,0.00167579566425008
53,100,2,0.99,0.7,0.000748065635886142,0.423138805817831,0.877068647455148,0.687015137069948,0.852892067833099,0.723713333333333,0.000134707692802515,0.00273917597931318,0.00123625203179362,0.00161750160414498,0.00174829013110871,0.00204795118983223
54,100,2,1,0.7,0.000568835970633397,0.422340797326573,1,1,1,1,0.000123873510623355,0.00275011545674349,0,0,0,0
55,100,5,0,0.3,0.925232586677944,0.999394626649292,0.00253140371611681,2.57776136770498e-05,0.0251550511688816,0.018485,0.000877411385617881,8.20486202857042e-05,0.000116024088745141,1.14126616530081e-05,0.000367663181425151,0.000197029836726778
56,100,5,0.1,0.3,0.923569057549527,0.999532686798862,0.00890277103738213,0.000141034852120511,0.0895915781507697,0.044675,0.00121873064429285,6.96136670263368e-05,0.000233238229241846,2.63439752929566e-05,0.000784417825585407,0.000328120355381767
57,100,5,0.3,0.3,0.924229614963857,0.999395185156669,0.0311848141731903,0.0010399891609295,0.255440814265787,0.110953333333333,0.00171300641120974,9.98199402783061e-05,0.000459574212163755,7.00424824179914e-05,0.0013463522065589,0.000641279778511058
58,100,5,0.5,0.3,0.924424722911905,0.999345181836942,0.0714611722045634,0.00327000781326785,0.471145977847224,0.223895,0.00168985361528623,0.000102660331201913,0.000695603199843244,0.000152621153702826,0.00168697486210766,0.0010707537316678
59,100,5,0.7,0.3,0.925869656088059,0.999562395883601,0.150568309039511,0.0106566191524564,0.722006268392418,0.43082,0.00189901003970396,0.000104001863363268,0.00121040758455538,0.000258183476211115,0.00168980674611868,0.00152868321172473
60,100,5,0.9,0.3,0.92086070019798,0.999529812927826,0.361449920120991,0.0610236717456145,0.956500981852089,0.846158333333333,0.00217077283423066,0.000114031093989784,0.00167389345991708,0.000668418417411639,0.000611536849130319,0.00117770072267242
61,100,5,0.95,0.3,0.919545289738591,0.999217698870406,0.48813646351492,0.128914342236731,0.9898714724831,0.958098333333333,0.00206863090058557,0.000195351141615654,0.0018577036955538,0.0011157094573886,0.000298816276412256,0.000695602352359077
62,100,5,0.99,0.3,0.921818927817645,0.999448007795487,0.707851214402388,0.370756145050758,0.999791440474673,0.999166666666667,0.00197583034697992,0.000133808360816105,0.00164783713701782,0.00159578551629359,3.70656359564353e-05,7.59823071473988e-05
63,100,5,1,0.3,0.923706189422547,0.9993755043846,1,1,1,1,0.00206629195826935,0.000164118331639344,0,0,0,0
64,100,5,0,0.7,0.923108197478265,0.999518599317791,0.0116832904564715,0.000312872552873744,0.111019938029551,0.0511966666666667,0.00120286667069096,7.07331275659433e-05,0.000289038723724508,4.24337153499568e-05,0.000805585412428361,0.000376754707251375
65,100,5,0.1,0.7,0.922205102234311,0.999311170260024,0.0206684955785869,0.000573886915528157,0.180738077736214,0.0776683333333333,0.00138144925231601,9.58517380971978e-05,0.00036861405206897,6.13240346740363e-05,0.00111013859485024,0.000501157217519862
66,100,5,0.3,0.7,0.922571410450884,0.999498920146748,0.0469535190895231,0.00189427397760857,0.349462235520516,0.150388333333333,0.0015591932411913,8.01683836959718e-05,0.000571804459542387,0.000105695667868886,0.00166454900618345,0.000791272810429403
67,100,5,0.5,0.7,0.924262634158195,0.999374430251087,0.0926337727704249,0.00523579953609628,0.550968516907451,0.272028333333333,0.00173110602005548,0.00012696768625035,0.000845039393062792,0.000174657305550506,0.00186779620766843,0.00116649143814484
68,100,5,0.7,0.7,0.925488190302093,0.999487970962935,0.180427452611177,0.0156154101651043,0.770995759217395,0.488521666666667,0.00193954342925072,0.000105291972837362,0.0012213150752977,0.000316657050003569,0.00185285576653553,0.00195217895340266
69,100,5,0.9,0.7,0.920716420382417,0.999519680695942,0.39081314688235,0.0762339413436498,0.965274154507346,0.877218333333333,0.00207958328756266,0.00013135347869308,0.00181508260515407,0.000727380542263077,0.000616510975578786,0.00126051711291827
70,100,5,0.95,0.7,0.923007966424038,0.999529031403103,0.51109300619746,0.149234930733936,0.991904437700322,0.968351666666667,0.00216474493898042,0.000136360562587746,0.00195948017243067,0.00110243760973472,0.000291850834345466,0.000587916655537313
71,100,5,0.99,0.7,0.925200591646636,0.9995080670222,0.721222264703368,0.391865974655587,0.999823176892438,0.999413333333333,0.00224867289547376,0.000154145698802569,0.00161690901317014,0.00174168938451596,3.55326356448961e-05,5.87530960729514e-05
72,100,5,1,0.7,0.925325996444018,0.999385440556592,1,1,1,1,0.00215780827261999,0.000169344319192088,0,0,0,0
73,200,2,0,0.3,0,0.14886897436359,0.0878446780069045,0.0164644830076908,0.00892399871545078,0.00769,0,0.000487019658992801,0.000575668966132001,0.000271141920669336,0.000160302649270242,8.52463831509154e-05
74,200,2,0.1,0.3,0,0.147469069776627,0.14927654780271,0.03172910886645,0.0196260036281851,0.0130066666666667,0,0.000480565543381568,0.000729911672429193,0.000338073053421187,0.000255203811117062,0.000115752822001143
75,200,2,0.3,0.3,0,0.148404227555418,0.242413500711558,0.0601137239202236,0.0410672901141109,0.0231483333333333,0,0.000603269922413199,0.000946492787860447,0.000465793854760957,0.000330368377940668,0.000158536147984475
76,200,2,0.5,0.3,0,0.146401645694602,0.341506131949329,0.0965691904655439,0.0706174874966805,0.0374566666666667,0,0.000606918694834313,0.00110126551971015,0.00062891198599568,0.000520145449117298,0.000253099821851634
77,200,2,0.7,0.3,0,0.149134660176281,0.466283002794621,0.158748259343664,0.122329210971626,0.06305,0,0.000717905994798468,0.00135141940453673,0.000833281802822398,0.000683667422459866,0.000365997943567584
78,200,2,0.9,0.3,0,0.147988898572886,0.668588587237511,0.32737756732287,0.280298684916612,0.152775,0,0.000928769208748783,0.00140879128877236,0.00118676078289693,0.00106253578549474,0.000647932706609882
79,200,2,0.95,0.3,0,0.148649842778152,0.758882738071671,0.449894954023371,0.412230109722567,0.243159166666667,0,0.000904571136964558,0.00119651851918384,0.0013170604605847,0.00128694540268564,0.000868200467189672
80,200,2,0.99,0.3,0,0.147892779681949,0.88190400763478,0.698890374228598,0.738894600832608,0.559123333333333,0,0.000941555222755934,0.000844055203854824,0.00123329636430605,0.00125376784356958,0.00123251604954877
81,200,2,1,0.3,0,0.147004071793601,1,1,1,1,0,0.00112673492335967,0,0,0,0
82,200,2,0,0.7,0,0.147984028408506,0.161915526590117,0.0352071325844228,0.0222659014923201,0.014215,0,0.000493674329745115,0.000754837352891513,0.000391888802730261,0.000256300315699135,0.000134176511078019
83,200,2,0.1,0.7,2.59067357512953e-06,0.147963769046089,0.204465232458672,0.047589567018087,0.0314152065574712,0.01835,2.59067357512953e-06,0.000569183939454474,0.000864526506578127,0.00044082346268342,0.000296621297170368,0.000144468064898594
84,200,2,0.3,0.7,0,0.148888723408568,0.284768046111383,0.0759740673566689,0.0534669224265076,0.0281766666666667,0,0.000613939574464199,0.00100799795203897,0.00053395854627243,0.000419567117021623,0.000191910085032075
85,200,2,0.5,0.7,0,0.147768978430301,0.37999445011394,0.115747537636319,0.0847994061786871,0.0427658333333333,0,0.000674290699621549,0.00117800858799785,0.000594495992429752,0.00049360602203199,0.000236373758570885
86,200,2,0.7,0.7,0,0.147107171232636,0.497219743870947,0.180052740576094,0.141392460588904,0.0710108333333333,0,0.000790136369067189,0.00129867859561887,0.000874324284506128,0.000731162708109834,0.000365052938765899
87,200,2,0.9,0.7,0,0.147542147637366,0.691090339267991,0.354980788402208,0.309099592662262,0.166786666666667,0,0.000845745479541547,0.00126960299305265,0.00124780316179423,0.00112976818741703,0.000734150564888632
88,200,2,0.95,0.7,0,0.14827082190494,0.773374187703233,0.477213223564031,0.442618263023228,0.2619375,0,0.000902234189945339,0.00126702464173626,0.00139263228137009,0.00141658214903706,0.000947590495082524
89,200,2,0.99,0.7,0,0.148655603693681,0.889468518035776,0.713334668990905,0.758628211231634,0.584053333333333,0,0.000895277209932234,0.000877887207570665,0.00122974106059638,0.00118949831433513,0.00124023025185256
90,200,2,1,0.7,0,0.150391367839339,1,1,1,1,0,0.000990389738292561,0,0,0,0
91,200,5,0,0.3,0.840599452414476,0.998421154301945,0.00237215514138853,4.9622332124062e-05,0.0134591639811348,0.00979833333333333,0.00097415531938768,9.10330793028194e-05,8.02712576085222e-05,1.1468565070514e-05,0.000198356985197255,0.000100338553095496
92,200,5,0.1,0.3,0.840219787060103,0.998303669122224,0.00897640446758952,0.000184575599454636,0.0542282125462699,0.025285,0.0011510445247233,9.07156412952756e-05,0.000151656420023811,2.30028245284875e-05,0.000430717243731426,0.000173424912993139
93,200,5,0.3,0.3,0.839978331597786,0.998476411570635,0.0305400445048471,0.000888300434704774,0.177917702650441,0.0696075,0.00145008235999285,0.000105443078690586,0.000323639797747653,4.85612846092384e-05,0.000799881002302937,0.00032312876133
94,200,5,0.5,0.3,0.841037458928027,0.998687106125993,0.0723995052959351,0.00336544812001637,0.364226722962438,0.1514275,0.00169773476203073,0.00010733961585442,0.000564741578001639,0.000103920950459051,0.00124977578921847,0.000587851107410311
95,200,5,0.7,0.3,0.842797910579469,0.998314753232637,0.15628838473028,0.0112757289964739,0.625999313081772,0.3248725,0.00173257484085364,0.00014127128000879,0.000819046461425502,0.000206630546621669,0.00112927935492873,0.000934637293160023
96,200,5,0.9,0.3,0.841876692700796,0.998664018274274,0.376073002144569,0.0684405579446874,0.927326202997498,0.762469166666667,0.00218478089681381,0.000167379306592573,0.00131110004259247,0.000482244402973457,0.000686857053042999,0.00119979879053623
97,200,5,0.95,0.3,0.839348425120842,0.998515044200727,0.507862509730334,0.146179309568538,0.981468017441801,0.926445,0.00204659136920162,0.000195024766535195,0.00132585597835011,0.000813359901968819,0.000298139068120221,0.000645442197979369
98,200,5,0.99,0.3,0.841165452464658,0.998550400343687,0.730406799576512,0.411603538367471,0.999537874945023,0.998150833333333,0.00223093733819579,0.000184610254475669,0.00109737357216694,0.00118314426052614,4.34055268230838e-05,8.04492333445674e-05
99,200,5,1,0.3,0.843367793996434,0.998624731728133,1,1,1,1,0.0021025234178248,0.000195338413685863,0,0,0,0
100,200,5,0,0.7,0.842274615384213,0.998464737693231,0.0114526530580883,0.000274392387090033,0.0699889019822361,0.029615,0.00130999151255658,0.000102409788428906,0.000205972867240544,2.6968774399337e-05,0.000494840153761396,0.000172232807981436
101,200,5,0.1,0.7,0.840708909784676,0.998525780844166,0.020479546079443,0.000604634534000955,0.122527014281067,0.0471508333333333,0.00145088117235034,9.20040656048786e-05,0.000254495500371325,4.2783918995732e-05,0.000691899006978788,0.000250949057040429
102,200,5,0.3,0.7,0.839221768154596,0.998507031723422,0.0480265631003718,0.00186321026152513,0.258628464492724,0.0975141666666667,0.00157171308656935,0.000108436940132826,0.000414680080717295,7.74928079470916e-05,0.000933494282552029,0.00043708557383582
103,200,5,0.5,0.7,0.841633780633037,0.998496848264241,0.0954640545078573,0.0050945685675301,0.442925667279118,0.189179166666667,0.0017018902696936,0.000131858325231939,0.000653249731261242,0.000135285003204355,0.00129243067026341,0.000705120002280361
104,200,5,0.7,0.7,0.841640925307632,0.998648444509958,0.184748020215945,0.01626978466031,0.680658134393524,0.373358333333333,0.00184833179795735,0.000139228613670439,0.00103935330230458,0.000219751257443537,0.00123696742005607,0.00114590204605912
105,200,5,0.9,0.7,0.84150747649246,0.99806379408684,0.403130530335791,0.0828016589467258,0.941223235817987,0.802516666666667,0.00210233168414117,0.000192811896917115,0.0012118996928554,0.00050990306389174,0.000590743098327731,0.00105086707439152
106,200,5,0.95,0.7,0.838489755312777,0.998293545636813,0.528980503309873,0.167382606524466,0.985410879192081,0.941953333333333,0.00199128320303135,0.00019036851571126,0.00143023505583523,0.000892642313349723,0.000250136076682234,0.000560140964949165
107,200,5,0.99,0.7,0.836999058137635,0.998706416829944,0.747551563771964,0.437859697454776,0.999595220156204,0.998556666666667,0.00216560340173474,0.000168903061939962,0.0012935963030331,0.00126966204841738,3.78090997625344e-05,7.60506164279628e-05
108,200,5,1,0.7,0.842824264153995,0.998450833276829,1,1,1,1,0.00189802294324613,0.000200713651115289,0,0,0,0
