"condition_id","fixed_comp","p_L","ICC","rho","n","p_F","s_F","s_L","s_joint","nnrow_F","nnrow_L","nnrow_joint","mcse_s_F","mcse_s_L","mcse_s_joint","mcse_nnrow_F","mcse_nnrow_L","mcse_nnrow_joint","increment"
1,"none",2,0.3,0.3,50,0,NA,0.122656820432937,0.122656820432937,NA,0.0747566666666667,0.0747566666666667,NA,0.00138561457255089,0.00138561457255089,NA,0.00067025295857289,0.00067025295857289,0
2,"1 continuous",2,0.3,0.3,50,1,1,0.120501513515238,0.39107958757293,1,0.07448,0.243026666666667,0,0.00133008269641281,0.00226257939661542,0,0.000635470431176822,0.00140656385820689,-0.60892041242707
3,"2 continuous",2,0.3,0.3,50,2,1,0.12071013055064,0.663919133686232,1,0.0741533333333333,0.46921,0,0.00124403679290634,0.0023165198582901,0,0.000640782429315684,0.00178417309866723,-0.336080866313768
4,"5 continuous",2,0.3,0.3,50,5,1,0.120096043409587,0.968920634185976,1,0.0738166666666667,0.899433333333333,0,0.0012956345906512,0.00076713730910895,0,0.000633177932093875,0.00131908424658217,-0.0310793658140238
5,"2 continuous + 3 binary",2,0.3,0.3,50,5,1,0.120672869464305,0.902020736293,1,0.0738866666666667,0.799703333333333,0,0.00128791131092447,0.00174964715272332,0,0.000606278521809751,0.00207727163701244,-0.0979792637070001
6,"5 binary",2,0.3,0.3,50,5,0.523836735901464,0.123550714858719,0.767960912177157,0.523813333333333,0.0752033333333333,0.68379,0.00262851215364257,0.00131894314328409,0.00254178667861537,0.0026557488394765,0.000635866353083577,0.00235854092580896,0.244124176275693
7,"none",5,0.3,0.3,50,0,NA,0.350991490409819,0.350991490409819,NA,0.173606666666667,0.173606666666667,NA,0.00235969655292727,0.00235969655292727,NA,0.00119505018595748,0.00119505018595748,0
8,"1 continuous",5,0.3,0.3,50,1,1,0.35065792840961,0.573825967468205,1,0.17241,0.323253333333333,0,0.00210119261726532,0.00228126945935591,0,0.0010364294406678,0.00168275358608763,-0.426174032531795
9,"2 continuous",5,0.3,0.3,50,2,1,0.350418638919127,0.752535314445736,1,0.171983333333333,0.49809,0,0.00224109351731701,0.002030781492669,0,0.00103103637831084,0.0019811883450381,-0.247464685554264
10,"5 continuous",5,0.3,0.3,50,5,1,0.353569243520504,0.965550971933561,1,0.172846666666667,0.871313333333333,0,0.00236908659230196,0.00071024043555512,0,0.00119502701178912,0.00146108967084239,-0.0344490280664392
11,"2 continuous + 3 binary",5,0.3,0.3,50,5,1,0.355140676054016,0.931685996630704,1,0.173943333333333,0.815796666666667,0,0.00200332674860035,0.00125987256489939,0,0.00103652748342592,0.00166301239254416,-0.0683140033692958
12,"5 binary",5,0.3,0.3,50,5,0.526664569814949,0.347979100956902,0.891683983114502,0.526773333333333,0.17121,0.78325,0.00245337983214753,0.0022431791279023,0.001861356911087,0.0024767255629637,0.00112373586771574,0.00200341382291336,0.365019413299554
13,"none",2,0.7,0.3,50,0,NA,0.302089970104572,0.302089970104572,NA,0.17549,0.17549,NA,0.00212588856867808,0.00212588856867808,NA,0.00121477942705377,0.00121477942705377,0
14,"1 continuous",2,0.7,0.3,50,1,1,0.302508906271774,0.673553096584885,1,0.177933333333333,0.467,0,0.00206556804700407,0.00234617934053733,0,0.00126008162241276,0.00203316994153635,-0.326446903415115
15,"2 continuous",2,0.7,0.3,50,2,1,0.302288883654704,0.877115957783056,1,0.178093333333333,0.71619,0,0.0022692276193991,0.00179470852688206,0,0.00127825117829734,0.00216682966787968,-0.122884042216944
16,"5 continuous",2,0.7,0.3,50,5,1,0.302838566301016,0.995211642521135,1,0.17832,0.978766666666667,0,0.00212974777646879,0.000275391378699652,0,0.00128870851083839,0.000568535690014946,-0.00478835747886464
17,"2 continuous + 3 binary",2,0.7,0.3,50,5,1,0.303288993845723,0.973379681102079,1,0.175556666666667,0.924,0,0.00230512293203865,0.000792372778520826,0,0.00127853277769934,0.00123817015253687,-0.0266203188979206
18,"5 binary",2,0.7,0.3,50,5,0.520546451398281,0.296054806953056,0.902461234445491,0.520963333333333,0.173853333333333,0.83182,0.00264470197609819,0.00205612748151262,0.00204057116097534,0.00264172886177174,0.00114694905174693,0.00225038347746443,0.381914783047209
19,"none",5,0.7,0.3,50,0,NA,0.805467752527065,0.805467752527065,NA,0.549483333333333,0.549483333333333,NA,0.00215839964545711,0.00215839964545711,NA,0.00228587504793789,0.00228587504793789,0
20,"1 continuous",5,0.7,0.3,50,1,1,0.807322674977551,0.919156716143524,1,0.55176,0.742803333333333,0,0.00215895426722286,0.00139665234258615,0,0.00231043098698424,0.00220520321449002,-0.0808432838564759
21,"2 continuous",5,0.7,0.3,50,2,1,0.804163014309132,0.966572795010329,1,0.54941,0.86565,0,0.00222121905843391,0.000817467045518794,0,0.00237525949682877,0.00168057139454769,-0.0334272049896713
22,"5 continuous",5,0.7,0.3,50,5,1,0.804153316649521,0.997954646448676,1,0.547413333333333,0.988213333333333,0,0.00225447335176304,0.000161679956696596,0,0.00255175598881744,0.000316272257246059,-0.0020453535513244
23,"2 continuous + 3 binary",5,0.7,0.3,50,5,1,0.80389040117323,0.994134846372168,1,0.550763333333333,0.97416,0,0.00204719452781685,0.000326180910599693,0,0.00218975533333685,0.000633976399259892,-0.00586515362783191
24,"5 binary",5,0.7,0.3,50,5,0.519609875115212,0.808713343834066,0.98674088113955,0.519686666666667,0.55344,0.95824,0.00237246658170909,0.00198765180121789,0.000597790138097201,0.00237799755294429,0.00233185614882811,0.000980810180266928,0.178027537305484
25,"none",2,0.9,0.3,50,0,NA,0.554589295977487,0.554589295977487,NA,0.36668,0.36668,NA,0.00288339528227227,0.00288339528227227,NA,0.00225484630997999,0.00225484630997999,0
26,"1 continuous",2,0.9,0.3,50,1,1,0.548562064472976,0.883277941073502,1,0.361616666666667,0.7414,0,0.00279917103183663,0.00197213541748264,0,0.00217285130713158,0.00263044495241449,-0.116722058926498
27,"2 continuous",2,0.9,0.3,50,2,1,0.554892058692268,0.976911484548042,1,0.36764,0.92376,0,0.002860372540227,0.000707990595654844,0,0.00229367026468106,0.001275137329616,-0.0230885154519577
28,"5 continuous",2,0.9,0.3,50,5,1,0.549163026776268,0.999822594890408,1,0.362596666666667,0.998923333333333,0,0.00288527459493514,4.38380709759518e-05,0,0.00211181250066563,0.000101982306519829,-0.00017740510959241
29,"2 continuous + 3 binary",2,0.9,0.3,50,5,1,0.545773431100876,0.996587249978833,1,0.359716666666667,0.987183333333333,0,0.00295079262436179,0.000272763163938713,0,0.00222483539124725,0.000516039496148992,-0.00341275002116737
30,"5 binary",2,0.9,0.3,50,5,0.525444576776618,0.54737782656775,0.968650835025079,0.52561,0.361743333333333,0.934283333333333,0.00257246537163947,0.00280026770932801,0.00108979919021591,0.00256434896116731,0.00216642404259376,0.00152035463772622,0.421273008457328
31,"none",5,0.9,0.3,50,0,NA,0.976423004935383,0.976423004935383,NA,0.908363333333333,0.908363333333333,NA,0.000682352156115255,0.000682352156115255,NA,0.00141786320540279,0.00141786320540279,0
32,"1 continuous",5,0.9,0.3,50,1,1,0.975804455218926,0.993642374919576,1,0.90818,0.972026666666667,0,0.00064637745099239,0.000317337655782754,0,0.00144038978222382,0.000670055707410169,-0.00635762508042359
33,"2 continuous",5,0.9,0.3,50,2,1,0.974934454419198,0.998741930373655,1,0.906806666666667,0.99293,0,0.000665874435496757,0.000119560006743241,0,0.00143960561321774,0.000270115780539948,-0.00125806962634523
34,"5 continuous",5,0.9,0.3,50,5,1,0.9753227234998,0.999968740953828,1,0.906683333333333,0.999813333333333,0,0.000721693800526688,2.32535962104876e-05,0,0.00149897741060318,3.31350888790049e-05,-3.12590461716278e-05
35,"2 continuous + 3 binary",5,0.9,0.3,50,5,1,0.975838803787416,0.999833465588363,1,0.908746666666667,0.99914,0,0.0008030440567546,4.9325403633551e-05,0,0.00148349986831697,8.11131379629431e-05,-0.000166534411636943
36,"5 binary",5,0.9,0.3,50,5,0.526336662330325,0.975013268682889,0.999079212911554,0.526456666666667,0.906746666666667,0.996303333333333,0.00263564958766407,0.000786184555130357,0.00012965365330841,0.00266904239859851,0.00142831351903368,0.000239336394114516,0.0240659442286657
37,"none",2,0.3,0.7,50,0,NA,0.153575769352445,0.153575769352445,NA,0.08891,0.08891,NA,0.00140097507294845,0.00140097507294845,NA,0.000682151447577151,0.000682151447577151,0
38,"1 continuous",2,0.3,0.7,50,1,1,0.150743575757945,0.446399932986458,1,0.08797,0.27683,0,0.00146423208958745,0.00230694365250592,0,0.000749305243069882,0.00157089310164476,-0.553600067013542
39,"2 continuous",2,0.3,0.7,50,2,1,0.151967673844364,0.710663554426525,1,0.0882266666666667,0.506433333333333,0,0.00144358092986843,0.00250771016019823,0,0.000765627290502391,0.00236842598632678,-0.289336445573475
40,"5 continuous",2,0.3,0.7,50,5,1,0.150418819202789,0.975287971663704,1,0.0880766666666667,0.91612,0,0.00153903849077983,0.000636350332760703,0,0.000761821812157215,0.00123998847277652,-0.024712028336296
41,"2 continuous + 3 binary",2,0.3,0.7,50,5,1,0.150176533817462,0.917464201282192,1,0.0880633333333333,0.819646666666667,0,0.00141738818278444,0.00147923826606214,0,0.000728698579117008,0.00197449912370279,-0.0825357987178084
42,"5 binary",2,0.3,0.7,50,5,0.522060543219839,0.152336350092695,0.803038944282248,0.52199,0.0873266666666667,0.71469,0.00234711465435509,0.00141091425518953,0.00241040585826383,0.00233941527290378,0.000720939736630321,0.00239120563261355,0.280978401062409
43,"none",5,0.3,0.7,50,0,NA,0.455473990420307,0.455473990420307,NA,0.22659,0.22659,NA,0.00263866514348381,0.00263866514348381,NA,0.00148382063401382,0.00148382063401382,0
44,"1 continuous",5,0.3,0.7,50,1,1,0.451487883146561,0.665145642640905,1,0.225286666666667,0.395756666666667,0,0.00259998635413395,0.00233655302221193,0,0.00149127003607373,0.00198960547029175,-0.334854357359095
45,"2 continuous",5,0.3,0.7,50,2,1,0.46087595660042,0.814370402169459,1,0.22799,0.571313333333333,0,0.00286294006449136,0.00192980233955271,0,0.00154615914317891,0.00236826642796234,-0.185629597830541
46,"5 continuous",5,0.3,0.7,50,5,1,0.461671390905339,0.974946123135726,1,0.228716666666667,0.900993333333333,0,0.00255248036418355,0.000602663686762852,0,0.0015449052632681,0.00124797985280592,-0.0250538768642742
47,"2 continuous + 3 binary",5,0.3,0.7,50,5,1,0.45443267135416,0.951688212869199,1,0.225253333333333,0.854526666666667,0,0.00255541098206209,0.0010717305871439,0,0.00146443838649089,0.00182804988648916,-0.0483117871308014
48,"5 binary",5,0.3,0.7,50,5,0.526799643061155,0.454440112475154,0.925699373997321,0.526303333333333,0.22629,0.831226666666667,0.00244607895777015,0.00242693897068771,0.00139240112974142,0.00248393519625308,0.00145055546841403,0.00175384360549,0.398899730936166
49,"none",2,0.7,0.7,50,0,NA,0.338496738974707,0.338496738974707,NA,0.196023333333333,0.196023333333333,NA,0.00236301029842489,0.00236301029842489,NA,0.00142486005856294,0.00142486005856294,0
50,"1 continuous",2,0.7,0.7,50,1,1,0.338002933724836,0.708080760544577,1,0.196823333333333,0.500136666666667,0,0.00243775468802084,0.00262278616065741,0,0.00150067156007289,0.00248678157053741,-0.291919239455423
51,"2 continuous",2,0.7,0.7,50,2,1,0.336182111907273,0.893957145754069,1,0.195223333333333,0.744936666666667,0,0.00255349296486139,0.00167201907114883,0,0.0015727564560049,0.00215514963770864,-0.106042854245931
52,"5 continuous",2,0.7,0.7,50,5,1,0.335521206371027,0.996164156413868,1,0.194803333333333,0.983353333333333,0,0.00234246350294726,0.000216155677953688,0,0.00130265628633765,0.0004576030576245,-0.00383584358613243
53,"2 continuous + 3 binary",2,0.7,0.7,50,5,1,0.336684015863019,0.978814314173142,1,0.194376666666667,0.93771,0,0.00221487175011721,0.000728361969008866,0,0.00142864198557514,0.00120336005946647,-0.021185685826858
54,"5 binary",2,0.7,0.7,50,5,0.52285454661606,0.33510290340141,0.914030905531689,0.523143333333333,0.193693333333333,0.849046666666667,0.00252352690402297,0.00242496258814704,0.00188603987680837,0.00252750531906696,0.00146079867708937,0.00212970540555758,0.39117635891563
55,"none",5,0.7,0.7,50,0,NA,0.843145240339311,0.843145240339311,NA,0.607093333333333,0.607093333333333,NA,0.00190638706665394,0.00190638706665394,NA,0.00241550935149001,0.00241550935149001,0
56,"1 continuous",5,0.7,0.7,50,1,1,0.843354473524617,0.936800625105241,1,0.609243333333333,0.79169,0,0.00182257265557772,0.00112519693403459,0,0.00238262216609691,0.00193425079311171,-0.0631993748947592
57,"2 continuous",5,0.7,0.7,50,2,1,0.846266634012867,0.974420710190504,1,0.611036666666667,0.898053333333333,0,0.00183121081549921,0.000690206415589167,0,0.00236977382321591,0.00140119084712305,-0.025579289809496
58,"5 continuous",5,0.7,0.7,50,5,1,0.843974955043617,0.998750836123702,1,0.607813333333333,0.992696666666667,0,0.00178579989163166,0.000115895125700556,0,0.00224836517318298,0.000277191687671413,-0.00124916387629814
59,"2 continuous + 3 binary",5,0.7,0.7,50,5,1,0.843332102560704,0.995497298845084,1,0.60933,0.98084,0,0.00178303579684991,0.00027635047197923,0,0.00231138998741562,0.000562661776475768,-0.00450270115491602
60,"5 binary",5,0.7,0.7,50,5,0.519097504537981,0.841189306101569,0.990723582675266,0.519183333333333,0.604703333333333,0.967623333333333,0.00251853461818824,0.00184726385992245,0.00048177407097683,0.00251274556705551,0.00229243992131815,0.000825008028318212,0.149534276573697
61,"none",2,0.9,0.7,50,0,NA,0.584229230448771,0.584229230448771,NA,0.391956666666667,0.391956666666667,NA,0.00298530553335654,0.00298530553335654,NA,0.00222842445337252,0.00222842445337252,0
62,"1 continuous",2,0.9,0.7,50,1,1,0.587088504822161,0.902439186182106,1,0.391703333333333,0.77406,0,0.0029392360663771,0.00182522799549243,0,0.00228246879915049,0.00252227680684349,-0.0975608138178942
63,"2 continuous",2,0.9,0.7,50,2,1,0.579714188803625,0.980561734254571,1,0.38583,0.93647,0,0.00283100585689051,0.000717747320921355,0,0.00226470995205696,0.0012905428244294,-0.0194382657454287
64,"5 continuous",2,0.9,0.7,50,5,1,0.579758677636381,0.999804324927473,1,0.386506666666667,0.99918,0,0.00285406281888346,5.54776786496298e-05,0,0.00218265964519089,9.31740684695903e-05,-0.000195675072526713
65,"2 continuous + 3 binary",2,0.9,0.7,50,5,1,0.580767424318071,0.996836741767653,1,0.38715,0.989896666666667,0,0.00280879766194929,0.000287746818686885,0,0.00230490428263167,0.000475534258304037,-0.0031632582323472
66,"5 binary",2,0.9,0.7,50,5,0.523809255498554,0.58458210424164,0.972707077072524,0.52367,0.390936666666667,0.942853333333333,0.00243168419360294,0.00293936332720617,0.000985611664658219,0.00245963503849922,0.00237990891492253,0.00135354991624533,0.388124972830885
67,"none",5,0.9,0.7,50,0,NA,0.980531933721573,0.980531933721573,NA,0.926756666666667,0.926756666666667,NA,0.000597894072940509,0.000597894072940509,NA,0.00119012949199034,0.00119012949199034,0
68,"1 continuous",5,0.9,0.7,50,1,1,0.980488264334529,0.995386710401632,1,0.92763,0.98048,0,0.000689869778243513,0.000285853802082033,0,0.00138686264479696,0.000592492770300818,-0.00461328959836815
69,"2 continuous",5,0.9,0.7,50,2,1,0.980937433271211,0.998889243665916,1,0.927183333333333,0.994583333333333,0,0.000627741926377193,0.000115304923005277,0,0.00130880655377264,0.000249530547503414,-0.00111075633408408
70,"5 continuous",5,0.9,0.7,50,5,1,0.980099670726386,0.999968723404255,1,0.92525,0.999913333333333,0,0.000641743347453919,1.79741756692585e-05,0,0.00132723847764801,2.18159398540182e-05,-3.12765957446448e-05
71,"2 continuous + 3 binary",5,0.9,0.7,50,5,1,0.979889144844425,0.999875823744391,1,0.92543,0.9993,0,0.00065554876339071,5.59029443509638e-05,0,0.0013006496465501,9.76267805200337e-05,-0.000124176255608677
72,"5 binary",5,0.9,0.7,50,5,0.52420274401383,0.980425927175758,0.99921390192062,0.524206666666667,0.925373333333333,0.997173333333333,0.00274350052275695,0.000592835269698361,0.000127510246386035,0.00275676272165698,0.00126509326593903,0.000219651009932015,0.0187879747448626
73,"none",2,0.3,0.3,100,0,NA,0.0714585537192045,0.0714585537192045,NA,0.0417083333333333,0.0417083333333333,NA,0.000700370690369263,0.000700370690369263,NA,0.000338039950030854,0.000338039950030854,0
74,"1 continuous",2,0.3,0.3,100,1,1,0.07076205691641,0.287861637968332,1,0.0418266666666667,0.167311666666667,0,0.000661300870891476,0.00137107228376682,0,0.000310831452834922,0.000798760477134726,-0.712138362031668
75,"2 continuous",2,0.3,0.3,100,2,1,0.0723715712219803,0.563010713985676,1,0.0419083333333333,0.36688,0,0.000737775520419258,0.00165613304976529,0,0.000354573984911616,0.0012406727160643,-0.436989286014324
76,"5 continuous",2,0.3,0.3,100,5,1,0.0718446638027361,0.950142762766208,1,0.0420066666666667,0.851766666666667,0,0.000679825097319394,0.000671066185294121,0,0.000325322157042287,0.00116860571094333,-0.0498572372337924
77,"2 continuous + 3 binary",2,0.3,0.3,100,5,1,0.0702505671887061,0.838310791804138,1,0.0419833333333333,0.69569,0,0.000600879484171217,0.00145073040464445,0,0.000331719291634073,0.0016266923241242,-0.161689208195862
78,"5 binary",2,0.3,0.3,100,5,0.319377467039106,0.0720701656083731,0.626445114639772,0.319466666666667,0.04182,0.516298333333333,0.000706370947996958,0.00074182647823783,0.0018600929345258,0.000745037556340177,0.000353674497913824,0.0013710787902723,0.307067647600666
79,"none",5,0.3,0.3,100,0,NA,0.256402992895981,0.256402992895981,NA,0.111303333333333,0.111303333333333,NA,0.00134678060206511,0.00134678060206511,NA,0.000619698914663635,0.000619698914663635,0
80,"1 continuous",5,0.3,0.3,100,1,1,0.25431570646153,0.469135797677976,1,0.111068333333333,0.23385,0,0.00136073346932674,0.00179303153462519,0,0.000606397576395923,0.000966992234206765,-0.530864202322024
81,"2 continuous",5,0.3,0.3,100,2,1,0.255702161272838,0.669107519181504,1,0.111923333333333,0.39278,0,0.00148926934081248,0.00163324229062826,0,0.000584356413196411,0.00122889881390103,-0.330892480818496
82,"5 continuous",5,0.3,0.3,100,5,1,0.25401270776726,0.945391946700755,1,0.110433333333333,0.808796666666667,0,0.00144017220541274,0.000619587719883315,0,0.000607679313882231,0.00111486276456249,-0.054608053299245
83,"2 continuous + 3 binary",5,0.3,0.3,100,5,1,0.253930790461012,0.886096311593929,1,0.112153333333333,0.718895,0,0.00158021638470885,0.00108037878934467,0,0.000693572790758405,0.00143927826673298,-0.113903688406071
84,"5 binary",5,0.3,0.3,100,5,0.316655817310283,0.256002525872359,0.814825898480415,0.317275,0.111688333333333,0.657931666666667,0.000732999643229342,0.00131633948745974,0.0013848515599548,0.000749563198691781,0.000590323409738144,0.00129739957563189,0.498170081170132
85,"none",2,0.7,0.3,100,0,NA,0.197201577535783,0.197201577535783,NA,0.107723333333333,0.107723333333333,NA,0.00126573414146271,0.00126573414146271,NA,0.000671478073285648,0.000671478073285648,0
86,"1 continuous",2,0.7,0.3,100,1,1,0.195860269676552,0.554987107146215,1,0.106721666666667,0.348888333333333,0,0.00125600251771115,0.00169803166892736,0,0.000678166220119045,0.00139015497792389,-0.445012892853785
87,"2 continuous",2,0.7,0.3,100,2,1,0.197965308912129,0.812212215083076,1,0.107545,0.615536666666667,0,0.00136759017964425,0.00145692585735365,0,0.000733379690555488,0.00165746335015859,-0.187787784916924
88,"5 continuous",2,0.7,0.3,100,5,1,0.196416942040791,0.991270637546947,1,0.107053333333333,0.963373333333333,0,0.0013037263767246,0.000242783410542215,0,0.000688963163085905,0.000517960825821246,-0.00872936245305345
89,"2 continuous + 3 binary",2,0.7,0.3,100,5,1,0.195927904887529,0.953040556853773,1,0.10685,0.873651666666667,0,0.00133085178330808,0.000756738176775222,0,0.000719508603017188,0.00111928253695985,-0.0469594431462274
90,"5 binary",2,0.7,0.3,100,5,0.318245854612167,0.19679003379651,0.834186732844789,0.318081666666667,0.10632,0.721106666666667,0.000791203330280195,0.00119187123219822,0.0016799852648741,0.000812003393740518,0.000647094783081627,0.00166852452564703,0.515940878232622
91,"none",5,0.7,0.3,100,0,NA,0.719830546197275,0.719830546197275,NA,0.429636666666667,0.429636666666667,NA,0.00167601110282702,0.00167601110282702,NA,0.00150461451013893,0.00150461451013893,0
92,"1 continuous",5,0.7,0.3,100,1,1,0.721362447355488,0.872035485387802,1,0.430563333333333,0.638615,0,0.00159550759946345,0.00114031360484334,0,0.00142125798509273,0.00153647282102871,-0.127964514612198
93,"2 continuous",5,0.7,0.3,100,2,1,0.720149197300648,0.943736560654595,1,0.42998,0.798388333333333,0,0.00179061652579634,0.000807997019732256,0,0.00157451372408648,0.00155437420194988,-0.0562634393454048
94,"5 continuous",5,0.7,0.3,100,5,1,0.72297169284417,0.996258239188035,1,0.432641666666667,0.979198333333333,0,0.00161073334295142,0.000162241038941014,0,0.00148997007284669,0.000360726185344026,-0.00374176081196476
95,"2 continuous + 3 binary",5,0.7,0.3,100,5,1,0.722313921426919,0.988827286874511,1,0.432895,0.952353333333333,0,0.00160216092935269,0.000287069373344189,0,0.00154406805593613,0.00058106950047085,-0.0111727131254888
96,"5 binary",5,0.7,0.3,100,5,0.317794901985383,0.724532802132983,0.975986871642943,0.317963333333333,0.43356,0.923193333333333,0.000819353286790458,0.00174124598007264,0.000513162780227255,0.000829184950936001,0.00159652707957029,0.000928268622435994,0.25145406950996
97,"none",2,0.9,0.3,100,0,NA,0.409556149901607,0.409556149901607,NA,0.243175,0.243175,NA,0.00174381997311491,0.00174381997311491,NA,0.00111395878453649,0.00111395878453649,0
98,"1 continuous",2,0.9,0.3,100,1,1,0.404064017071745,0.811628798328482,1,0.240135,0.628188333333333,0,0.00190843041071212,0.0015576838297926,0,0.00128212400872836,0.00172104842791653,-0.188371201671518
99,"2 continuous",2,0.9,0.3,100,2,1,0.408870063696568,0.956652702633434,1,0.243383333333333,0.872036666666667,0,0.00196662920370981,0.000742705447043793,0,0.00133432490349004,0.00129032994538252,-0.0433472973665655
100,"5 continuous",2,0.9,0.3,100,5,1,0.410088666539887,0.999618635956691,1,0.244658333333333,0.99831,0,0.00177225978010003,4.56971496987198e-05,0,0.00121188382663874,8.52791258939304e-05,-0.00038136404330924
101,"2 continuous + 3 binary",2,0.9,0.3,100,5,1,0.407113328121241,0.993159680602264,1,0.241723333333333,0.976503333333333,0,0.00196445023109997,0.000289292417966723,0,0.0013171274557859,0.000529060511780673,-0.00684031939773633
102,"5 binary",2,0.9,0.3,100,5,0.317682569250541,0.405416629106197,0.939774747384189,0.317396666666667,0.241486666666667,0.879485,0.000818809186614216,0.00179435947137851,0.00108679183533328,0.000840579517464864,0.00119650953368953,0.00128694166852262,0.534358118277992
103,"none",5,0.9,0.3,100,0,NA,0.953991785982663,0.953991785982663,NA,0.84193,0.84193,NA,0.000783485716674331,0.000783485716674331,NA,0.00138336126387012,0.00138336126387012,0
104,"1 continuous",5,0.9,0.3,100,1,1,0.957074344357711,0.98853276155451,1,0.847951666666667,0.950016666666667,0,0.000644794773234068,0.000291642833216091,0,0.00128434806735711,0.000636011045699095,-0.0114672384454901
105,"2 continuous",5,0.9,0.3,100,2,1,0.956876054573359,0.997365026276711,1,0.84634,0.985395,0,0.000758854620377676,0.00013457445198556,0,0.0014371379523683,0.000287192434955555,-0.00263497372328914
106,"5 continuous",5,0.9,0.3,100,5,1,0.955364741432905,0.999984370476914,1,0.842663333333333,0.999745,0,0.000721401229970198,8.97956877165629e-06,0,0.00139149323887536,2.78563656595946e-05,-1.56295230858694e-05
107,"2 continuous + 3 binary",5,0.9,0.3,100,5,1,0.956929362668885,0.999630719930163,1,0.847731666666667,0.997923333333333,0,0.000627071704057874,4.48045141663644e-05,0,0.00127496991457919,9.86426585848418e-05,-0.00036928006983683
108,"5 binary",5,0.9,0.3,100,5,0.317154277614945,0.957084557491142,0.998190116367155,0.317405,0.84721,0.9922,0.000845507275669734,0.000687828417868967,0.000124196328973184,0.000861026867693457,0.00129928320658788,0.000259428569320275,0.0411055588760132
109,"none",2,0.3,0.7,100,0,NA,0.0903365865900821,0.0903365865900821,NA,0.0498133333333333,0.0498133333333333,NA,0.000873188654472777,0.000873188654472777,NA,0.000410931314147458,0.000410931314147458,0
110,"1 continuous",2,0.3,0.7,100,1,1,0.0925179688144876,0.33940484484863,1,0.0507183333333333,0.191651666666667,0,0.000786750074972821,0.00149131014727076,0,0.000404201120118815,0.000882158592772809,-0.66059515515137
111,"2 continuous",2,0.3,0.7,100,2,1,0.0923767372549659,0.61562425280462,1,0.0501683333333333,0.402205,0,0.000802678177364363,0.0017246938536137,0,0.000382073141608783,0.00154053671298104,-0.38437574719538
112,"5 continuous",2,0.3,0.7,100,5,1,0.0898501510495353,0.959332096661295,1,0.0498633333333333,0.87174,0,0.00076838493145879,0.000667178739069895,0,0.000367891892333121,0.00115415681139175,-0.0406679033387054
113,"2 continuous + 3 binary",2,0.3,0.7,100,5,1,0.0905458093593844,0.865293538403698,1,0.0498333333333333,0.725893333333333,0,0.000776129964764694,0.00128000371865992,0,0.00040640461667056,0.00151533158607131,-0.134706461596302
114,"5 binary",2,0.3,0.7,100,5,0.31818593508329,0.09092936536054,0.67395074645366,0.318266666666667,0.051045,0.553208333333333,0.000754242598075528,0.000763723175019095,0.00190008112749715,0.000796737484850245,0.000370587213415504,0.00153377831555705,0.35576481137037
115,"none",5,0.3,0.7,100,0,NA,0.353016041788958,0.353016041788958,NA,0.152156666666667,0.152156666666667,NA,0.00166278184412475,0.00166278184412475,NA,0.000812747097675195,0.000812747097675195,0
116,"1 continuous",5,0.3,0.7,100,1,1,0.349404148156752,0.565650355393938,1,0.151891666666667,0.292096666666667,0,0.00152817991395787,0.001685448794691,0,0.000813265702421971,0.00113682237103879,-0.434349644606062
117,"2 continuous",5,0.3,0.7,100,2,1,0.34936562209798,0.740992593527025,1,0.150685,0.460188333333333,0,0.00166021442087526,0.00145143022837228,0,0.000847468715915585,0.00152377139734173,-0.259007406472975
118,"5 continuous",5,0.3,0.7,100,5,1,0.353036703126251,0.96001327554854,1,0.152295,0.850246666666667,0,0.00158438567314811,0.000543440184326314,0,0.000803468810903646,0.00120112603040932,-0.0399867244514596
119,"2 continuous + 3 binary",5,0.3,0.7,100,5,1,0.350096270269885,0.917236695853713,1,0.151368333333333,0.771126666666667,0,0.00160978394818021,0.000969473340478842,0,0.00076186464041735,0.00134936459600571,-0.0827633041462865
120,"5 binary",5,0.3,0.7,100,5,0.318095667117339,0.350775863382518,0.865576223440558,0.318176666666667,0.150978333333333,0.718963333333333,0.000787034858927018,0.00164523016483316,0.0011901101022689,0.000829353679995149,0.0008003805540288,0.00129193864862209,0.51480036005804
121,"none",2,0.7,0.7,100,0,NA,0.222591418990609,0.222591418990609,NA,0.119383333333333,0.119383333333333,NA,0.00129801101094693,0.00129801101094693,NA,0.000755337419655683,0.000755337419655683,0
122,"1 continuous",2,0.7,0.7,100,1,1,0.221710605570639,0.596137481095487,1,0.118403333333333,0.38038,0,0.00129451931844422,0.00185980905169144,0,0.00074733320781725,0.00151914276864798,-0.403862518904513
123,"2 continuous",2,0.7,0.7,100,2,1,0.224510522538485,0.841457870027823,1,0.120506666666667,0.653595,0,0.0013574406515369,0.00137641353409497,0,0.000797451832339916,0.00164277494921855,-0.158542129972177
124,"5 continuous",2,0.7,0.7,100,5,1,0.222546478191831,0.9938699762991,1,0.119948333333333,0.972673333333333,0,0.00129175462727687,0.000218083796567374,0,0.000731702532287924,0.000463063138985136,-0.0061300237009001
125,"2 continuous + 3 binary",2,0.7,0.7,100,5,1,0.225286567538423,0.962451304265132,1,0.119565,0.894,0,0.00146118765250239,0.000628335185966954,0,0.000765534075293524,0.00101700230613092,-0.0375486957348683
126,"5 binary",2,0.7,0.7,100,5,0.317229613689943,0.224977466425398,0.849606883579673,0.317153333333333,0.120146666666667,0.74312,0.000803196038629914,0.00139838773317824,0.00150839944351781,0.000837426597031626,0.000756994704533152,0.00168018311463834,0.53237726988973
127,"none",5,0.7,0.7,100,0,NA,0.768140244806341,0.768140244806341,NA,0.485891666666667,0.485891666666667,NA,0.00162651315870337,0.00162651315870337,NA,0.00171812510212586,0.00171812510212586,0
128,"1 continuous",5,0.7,0.7,100,1,1,0.771034256225761,0.898126622342466,1,0.488658333333333,0.696046666666667,0,0.00144434057463532,0.00103909295958593,0,0.00156120513068532,0.00164074658552155,-0.101873377657534
129,"2 continuous",5,0.7,0.7,100,2,1,0.768500527026962,0.957468255420933,1,0.486223333333333,0.840355,0,0.00137076218374446,0.000581990536875507,0,0.00157369163438521,0.00119747798791737,-0.0425317445790671
130,"5 continuous",5,0.7,0.7,100,5,1,0.771329284879925,0.997601845040077,1,0.489843333333333,0.986573333333333,0,0.0017357607381585,0.00013306233110505,0,0.00190285117702315,0.000275037787363746,-0.00239815495992302
131,"2 continuous + 3 binary",5,0.7,0.7,100,5,1,0.769709570142492,0.99198818598145,1,0.486813333333333,0.965395,0,0.00152905090487426,0.000259535968801069,0,0.00160949971592626,0.000551456512624038,-0.00801181401854989
132,"5 binary",5,0.7,0.7,100,5,0.31885595123842,0.771964439248257,0.981995419767539,0.31936,0.491056666666667,0.94112,0.000807319560038615,0.00156855232742524,0.000447243512588862,0.000873300726947668,0.00175716465881572,0.000794853771549388,0.210030980519282
133,"none",2,0.9,0.7,100,0,NA,0.440470913881133,0.440470913881133,NA,0.263413333333333,0.263413333333333,NA,0.00193076090185399,0.00193076090185399,NA,0.00133822644866904,0.00133822644866904,0
134,"1 continuous",2,0.9,0.7,100,1,1,0.438208328223789,0.839078685908408,1,0.262416666666667,0.663141666666667,0,0.00178646341912812,0.00144614532017463,0,0.00119861671155428,0.00170182258114963,-0.160921314091592
135,"2 continuous",2,0.9,0.7,100,2,1,0.437745394623573,0.9648566581604,1,0.261618333333333,0.892595,0,0.00194019350898319,0.000627779695752158,0,0.00135166707974721,0.00107930607579521,-0.0351433418395998
136,"5 continuous",2,0.9,0.7,100,5,1,0.441378259498349,0.999713061612507,1,0.263078333333333,0.998675,0,0.00189784009861038,3.76795794770527e-05,0,0.00133013220733901,7.83140858066687e-05,-0.000286938387492719
137,"2 continuous + 3 binary",2,0.9,0.7,100,5,1,0.438424291010904,0.994852412254734,1,0.259926666666667,0.981891666666667,0,0.00193494680949194,0.000230491845342258,0,0.00128167551560572,0.000450949352209266,-0.00514758774526558
138,"5 binary",2,0.9,0.7,100,5,0.316800606453305,0.439834238747735,0.945614581577161,0.317276666666667,0.263108333333333,0.890051666666667,0.000830462558892623,0.00203347181255645,0.00103123489641456,0.000878253653984439,0.00142286885022331,0.00139609629138885,0.505780342829426
139,"none",5,0.9,0.7,100,0,NA,0.965305033162448,0.965305033162448,NA,0.874733333333333,0.874733333333333,NA,0.000650308294459856,0.000650308294459856,NA,0.00123557449503257,0.00123557449503257,0
140,"1 continuous",5,0.9,0.7,100,1,1,0.965285811170393,0.991274756490241,1,0.87542,0.962446666666667,0,0.000659191913627291,0.000267664301014473,0,0.00127183824809338,0.00063772365275755,-0.00872524350975856
141,"2 continuous",5,0.9,0.7,100,2,1,0.964029987439939,0.99783967387521,1,0.873061666666667,0.989375,0,0.000662746210554759,0.000132923566220199,0,0.00128394083273979,0.000271480190030518,-0.00216032612478989
142,"5 continuous",5,0.9,0.7,100,5,1,0.965067970148214,0.99994822430505,1,0.876693333333333,0.999788333333333,0,0.000636180204320032,1.60009835690821e-05,0,0.00128931389438645,2.86663842454245e-05,-5.17756949504067e-05
143,"2 continuous + 3 binary",5,0.9,0.7,100,5,1,0.965254350236848,0.999712651782681,1,0.874776666666667,0.998636666666667,0,0.000605370314399885,4.60993791081368e-05,0,0.00125560521042422,8.44792237879503e-05,-0.000287348217318795
144,"5 binary",5,0.9,0.7,100,5,0.317050198403495,0.965556704571865,0.998603296420181,0.316886666666667,0.875491666666667,0.994371666666667,0.000805314164567689,0.000565813688478539,0.00011408753054856,0.000849535755246154,0.00121055735948488,0.000217212654423642,0.0330465918483162
145,"none",2,0.3,0.3,200,0,NA,0.0408732610950649,0.0408732610950649,NA,0.023245,0.023245,NA,0.000348508198458648,0.000348508198458648,NA,0.00020590768803293,0.00020590768803293,0
146,"1 continuous",2,0.3,0.3,200,1,1,0.0412835766623058,0.205930227675305,1,0.0235366666666667,0.111421666666667,0,0.000377809685360937,0.000936496917967738,0,0.00019816001745596,0.000555041245744805,-0.794069772324695
147,"2 continuous",2,0.3,0.3,200,2,1,0.0409521115822693,0.460288705834944,1,0.0232716666666667,0.278021666666667,0,0.000363136462316957,0.00118585844726055,0,0.000225125779100063,0.000889240472589081,-0.539711294165056
148,"5 continuous",2,0.3,0.3,200,5,1,0.0410272432197997,0.923204780654232,1,0.023455,0.791033333333333,0,0.000368597278186549,0.000573628792348959,0,0.000227176211931286,0.000844977277602772,-0.0767952193457678
149,"2 continuous + 3 binary",2,0.3,0.3,200,5,1,0.0406012309068302,0.754889837892837,1,0.023385,0.577936666666667,0,0.000342592403901596,0.0011876357339634,0,0.000205264295590123,0.00116842984736256,-0.245110162107163
150,"5 binary",2,0.3,0.3,200,5,0.166670488601898,0.0409386358484644,0.459623671543231,0.166106666666667,0.0233583333333333,0.346183333333333,9.50223135700366e-05,0.000365568276198664,0.00133311560145762,0.000362306649565495,0.000223543583375461,0.000984292465830892,0.292953182941332
151,"none",5,0.3,0.3,200,0,NA,0.178022413680432,0.178022413680432,NA,0.070015,0.070015,NA,0.000828066482565536,0.000828066482565536,NA,0.000427079583878627,0.000427079583878627,0
152,"1 continuous",5,0.3,0.3,200,1,1,0.180580781334276,0.369664133074913,1,0.0705583333333333,0.161345,0,0.00078363491650839,0.00101573770605178,0,0.000417344089184475,0.000668754592651617,-0.630335866925087
153,"2 continuous",5,0.3,0.3,200,2,1,0.178900057569413,0.572283407002706,1,0.0698966666666667,0.295983333333333,0,0.000810393209103528,0.00128903161402254,0,0.000411255584495693,0.000977133165897701,-0.427716592997294
154,"5 continuous",5,0.3,0.3,200,5,1,0.177205652435593,0.919246232547967,1,0.0692066666666667,0.739578333333333,0,0.000801056773489478,0.000669214478443651,0,0.000416021678342513,0.00101624020355038,-0.0807537674520332
155,"2 continuous + 3 binary",5,0.3,0.3,200,5,1,0.181116605231538,0.827248006311596,1,0.0706066666666667,0.610525,0,0.000834099959008749,0.000976288386879148,0,0.000408827496422854,0.00117141278573049,-0.172751993688404
156,"5 binary",5,0.3,0.3,200,5,0.166659178658499,0.179126840122064,0.710626107792535,0.16676,0.0699233333333333,0.513995,9.26954560994154e-05,0.00097103093495483,0.00117919815303031,0.000399554190428254,0.000418651620359316,0.0010018867669564,0.531499267670471
157,"none",2,0.7,0.3,200,0,NA,0.122008557519874,0.122008557519874,NA,0.0623716666666667,0.0623716666666667,NA,0.000704656891046677,0.000704656891046677,NA,0.000407702072473881,0.000407702072473881,0
158,"1 continuous",2,0.7,0.3,200,1,1,0.123410581431563,0.440646582409628,1,0.063415,0.253511666666667,0,0.000733486770179189,0.00118875178766979,0,0.000440822397137417,0.000840767103071974,-0.559353417590372
159,"2 continuous",2,0.7,0.3,200,2,1,0.122310239435449,0.736602724508178,1,0.0634266666666667,0.51482,0,0.00071133789588877,0.00118422910045152,0,0.000413906502684875,0.00120358630302652,-0.263397275491822
160,"5 continuous",2,0.7,0.3,200,5,1,0.121638090242739,0.986276490754354,1,0.0635316666666667,0.941835,0,0.000708627611644023,0.000225181727957886,0,0.000420284776896184,0.000491348930634796,-0.0137235092456461
161,"2 continuous + 3 binary",2,0.7,0.3,200,5,1,0.122548259570413,0.921525876392821,1,0.0632933333333333,0.803131666666667,0,0.00071554185694795,0.000722888591949584,0,0.000422064268553384,0.000980738271523344,-0.0784741236071792
162,"5 binary",2,0.7,0.3,200,5,0.166781523677153,0.122729560138585,0.725853583402995,0.166705,0.0634833333333333,0.574146666666667,7.28224720343131e-05,0.000717288184502177,0.00134060013735473,0.000334246467035706,0.000440133158369821,0.00129698064517935,0.559072059725842
163,"none",5,0.7,0.3,200,0,NA,0.623494788258309,0.623494788258309,NA,0.324633333333333,0.324633333333333,NA,0.00135546195994797,0.00135546195994797,NA,0.0010839213711359,0.0010839213711359,0
164,"1 continuous",5,0.7,0.3,200,1,1,0.621166775211015,0.810918750895983,1,0.321966666666667,0.531276666666667,0,0.00140899076329847,0.00110853674239199,0,0.00106390712977818,0.00127892575577209,-0.189081249104017
165,"2 continuous",5,0.7,0.3,200,2,1,0.623845405363892,0.914173527242361,1,0.324916666666667,0.716693333333333,0,0.00130973367762405,0.000645217972552436,0,0.00108587641210049,0.00122205070620312,-0.0858264727576388
166,"5 continuous",5,0.7,0.3,200,5,1,0.623937989139867,0.993437469626789,1,0.323663333333333,0.964703333333333,0,0.0013148696673543,0.000140878554213506,0,0.0010219806204668,0.000391797458471268,-0.00656253037321075
167,"2 continuous + 3 binary",5,0.7,0.3,200,5,1,0.62321586941996,0.980043732640486,1,0.321675,0.916575,0,0.00121049537623244,0.000297710040728598,0,0.00102276553713054,0.000706355994650086,-0.0199562673595138
168,"5 binary",5,0.7,0.3,200,5,0.166631083929344,0.623638185280954,0.955014543179621,0.167001666666667,0.322638333333333,0.862921666666667,0.0001102092555857,0.00124422157412618,0.000436067126810159,0.000359014855774335,0.00107127036653372,0.000779926758218598,0.331376357898666
169,"none",2,0.9,0.3,200,0,NA,0.280541207148149,0.280541207148149,NA,0.153196666666667,0.153196666666667,NA,0.00113476414289825,0.00113476414289825,NA,0.000774788348469841,0.000774788348469841,0
170,"1 continuous",2,0.9,0.3,200,1,1,0.281360024532891,0.72472987779069,1,0.153156666666667,0.510638333333333,0,0.00116540436199635,0.00128496923971658,0,0.00077054915989628,0.00128210589237511,-0.27527012220931
171,"2 continuous",2,0.9,0.3,200,2,1,0.280309387084684,0.928374838978086,1,0.153413333333333,0.805795,0,0.00105015592812999,0.000644312953761116,0,0.000696249985590229,0.0010690422601526,-0.0716251610219139
172,"5 continuous",2,0.9,0.3,200,5,1,0.280036647926112,0.999308225140003,1,0.153231666666667,0.996238333333333,0,0.00115565278653868,4.6391578520378e-05,0,0.000740886175816819,0.000108215758901351,-0.000691774859997496
173,"2 continuous + 3 binary",2,0.9,0.3,200,5,1,0.280354642572613,0.986796460141258,1,0.152485,0.955483333333333,0,0.00105420371318153,0.000269727225708834,0,0.000739636371868455,0.000511927800168294,-0.0132035398587418
174,"5 binary",2,0.9,0.3,200,5,0.166786120564318,0.280492400418288,0.885744440750052,0.166986666666667,0.15282,0.786483333333333,8.4926195361256e-05,0.00114139623775365,0.00105408219857347,0.000334535854365338,0.000722787889973041,0.00130731684418887,0.605252040331764
175,"none",5,0.9,0.3,200,0,NA,0.926591126812596,0.926591126812596,NA,0.762763333333333,0.762763333333333,NA,0.00065063547586365,0.00065063547586365,NA,0.0011907483254405,0.0011907483254405,0
176,"1 continuous",5,0.9,0.3,200,1,1,0.926064949451034,0.979513934838763,1,0.76158,0.913806666666667,0,0.000670715261534513,0.00030413564620154,0,0.00117945193529524,0.000673952482473393,-0.020486065161237
177,"2 continuous",5,0.9,0.3,200,2,1,0.926796681092652,0.994728475702986,1,0.76171,0.973516666666667,0,0.000651455040077855,0.000128862206541605,0,0.00133663391731708,0.000355830043057293,-0.00527152429701405
178,"5 continuous",5,0.9,0.3,200,5,1,0.926551388735317,0.9999032340468,1,0.760991666666667,0.999496666666667,0,0.000716602828862613,1.70463127157951e-05,0,0.00132496418101032,3.47271409134784e-05,-9.67659532001841e-05
179,"2 continuous + 3 binary",5,0.9,0.3,200,5,1,0.925527413303767,0.999250644780185,1,0.759486666666667,0.995786666666667,0,0.000678181206843474,4.89170646664252e-05,0,0.00130368168263892,0.000130840174686968,-0.000749355219815118
180,"5 binary",5,0.9,0.3,200,5,0.166652735647485,0.925955707645685,0.996499887887523,0.167076666666667,0.761281666666667,0.985228333333333,0.000108615542388862,0.00068796095106701,0.000113018863567406,0.000390426401497185,0.00133286863237834,0.000257056497666839,0.070544180241838
181,"none",2,0.3,0.7,200,0,NA,0.0536867505992194,0.0536867505992194,NA,0.0283483333333333,0.0283483333333333,NA,0.000465806635081279,0.000465806635081279,NA,0.000257650093403694,0.000257650093403694,0
182,"1 continuous",2,0.3,0.7,200,1,1,0.0540332841794094,0.248964172573546,1,0.0285383333333333,0.131151666666667,0,0.000441340616210928,0.00102545304831218,0,0.000262080299133198,0.000599053774167179,-0.751035827426454
183,"2 continuous",2,0.3,0.7,200,2,1,0.0535191918299697,0.516904430819519,1,0.0284916666666667,0.310041666666667,0,0.000424089515707335,0.00119875708473964,0,0.000258953974296631,0.000966955243415848,-0.483095569180481
184,"5 continuous",2,0.3,0.7,200,5,1,0.0536240482694403,0.937756391489744,1,0.0284266666666667,0.819163333333333,0,0.00043199845930406,0.000523354832490766,0,0.000253805871554444,0.000877754068900739,-0.0622436085102563
185,"2 continuous + 3 binary",2,0.3,0.7,200,5,1,0.0533876138936679,0.7922940995811,1,0.0285616666666667,0.615283333333333,0,0.000421700138424287,0.00112026162562873,0,0.000251201218003214,0.00129628328806852,-0.2077059004189
186,"5 binary",2,0.3,0.7,200,5,0.166708737824474,0.0531433788293686,0.51755443427455,0.166965,0.0282616666666667,0.386005,0.000101108859569371,0.000419328872139955,0.00130497805818427,0.000336479271029429,0.000250915437293623,0.000958148449138371,0.350845696450076
187,"none",5,0.3,0.7,200,0,NA,0.258634561542562,0.258634561542562,NA,0.098495,0.098495,NA,0.000974719462400322,0.000974719462400322,NA,0.000498159524430807,0.000498159524430807,0
188,"1 continuous",5,0.3,0.7,200,1,1,0.258641629268555,0.468750523742334,1,0.0979116666666667,0.21031,0,0.00104954725409563,0.0012921620840813,0,0.000534715950205046,0.000863140326239349,-0.531249476257666
189,"2 continuous",5,0.3,0.7,200,2,1,0.260092009081532,0.662303118778659,1,0.0988866666666667,0.362451666666667,0,0.000996776096577772,0.00109857454400059,0,0.000472855823497761,0.000998093933035603,-0.337696881221341
190,"5 continuous",5,0.3,0.7,200,5,1,0.260202865820873,0.94017095467307,1,0.098,0.790516666666667,0,0.000936053692339403,0.000484584680076477,0,0.000472693790226629,0.00103555645118736,-0.0598290453269301
191,"2 continuous + 3 binary",5,0.3,0.7,200,5,1,0.260912670627295,0.87237440104949,1,0.0991233333333333,0.676213333333333,0,0.00101960809962009,0.00077521391367338,0,0.000521167299962815,0.00114019021403292,-0.12762559895051
192,"5 binary",5,0.3,0.7,200,5,0.166932569696387,0.259429093957463,0.786231731480072,0.167131666666667,0.0981183333333333,0.588221666666667,7.84090785189299e-05,0.000876208064599132,0.00100648711035286,0.000398320717755414,0.000500094337834041,0.000989352239172006,0.52680263752261
193,"none",2,0.7,0.7,200,0,NA,0.140120111261205,0.140120111261205,NA,0.0703216666666667,0.0703216666666667,NA,0.000770442461158392,0.000770442461158392,NA,0.000478460549562278,0.000478460549562278,0
194,"1 continuous",2,0.7,0.7,200,1,1,0.139827758910059,0.483044871123545,1,0.0705233333333333,0.28126,0,0.00078227297576782,0.00132035056022972,0,0.00047758529747007,0.000954992640603541,-0.516955128876455
195,"2 continuous",2,0.7,0.7,200,2,1,0.140368911592083,0.768767382439964,1,0.069745,0.549863333333333,0,0.000784495283785163,0.00117793735532584,0,0.000481152171418047,0.00136277623737116,-0.231232617560036
196,"5 continuous",2,0.7,0.7,200,5,1,0.141993204093458,0.988842836312745,1,0.0715616666666667,0.954135,0,0.000806975192937197,0.000217141778711369,0,0.00050262614357095,0.000467217295993034,-0.0111571636872548
197,"2 continuous + 3 binary",2,0.7,0.7,200,5,1,0.141502213608067,0.933791694469044,1,0.0711633333333333,0.828285,0,0.000764768510094014,0.000657430627737509,0,0.000456817517785947,0.00104796310767215,-0.0662083055309557
198,"5 binary",2,0.7,0.7,200,5,0.166684369665661,0.141711033462698,0.753094267894016,0.16627,0.0710083333333333,0.602731666666667,9.88815638760785e-05,0.000738379105950187,0.0013729532023392,0.000378404995463654,0.000459689633237078,0.00131092922810286,0.586409898228355
199,"none",5,0.7,0.7,200,0,NA,0.680946193244552,0.680946193244552,NA,0.374605,0.374605,NA,0.0013462342678687,0.0013462342678687,NA,0.00122257537598795,0.00122257537598795,0
200,"1 continuous",5,0.7,0.7,200,1,1,0.682613605206355,0.848934328045028,1,0.374803333333333,0.592135,0,0.00124107685033875,0.000813516945932955,0,0.00120696654056319,0.00123288755015794,-0.151065671954972
201,"2 continuous",5,0.7,0.7,200,2,1,0.682519484497187,0.933107055638324,1,0.375875,0.767716666666667,0,0.00123990017740326,0.000537156068516968,0,0.0011487361965422,0.00109741524145237,-0.0668929443616758
202,"5 continuous",5,0.7,0.7,200,5,1,0.681821577132419,0.995529615852109,1,0.375101666666667,0.97595,0,0.00130714828811436,0.000126456386525821,0,0.00112326843601214,0.000341759087879928,-0.00447038414789058
203,"2 continuous + 3 binary",5,0.7,0.7,200,5,1,0.682147626833261,0.985178488077382,1,0.375963333333333,0.938798333333333,0,0.00114301293703176,0.000240251499139167,0,0.00112481970762031,0.000532981969162953,-0.0148215119226178
204,"5 binary",5,0.7,0.7,200,5,0.166715935637225,0.679912494617966,0.965742865547297,0.166078333333333,0.374141666666667,0.890958333333333,0.000101246228819044,0.0011769915774671,0.000434352268270371,0.000403917012638521,0.0011281719041608,0.000746429945350923,0.285830370929331
205,"none",2,0.9,0.7,200,0,NA,0.309084588572887,0.309084588572887,NA,0.165286666666667,0.165286666666667,NA,0.00110591045677813,0.00110591045677813,NA,0.000746269486370031,0.000746269486370031,0
206,"1 continuous",2,0.9,0.7,200,1,1,0.310707448649024,0.755972500769368,1,0.168248333333333,0.545985,0,0.00114163500292125,0.00117184189121343,0,0.000803169313656006,0.00126334594580535,-0.244027499230632
207,"2 continuous",2,0.9,0.7,200,2,1,0.307881917129178,0.939409300544932,1,0.16583,0.831008333333333,0,0.00124227874237464,0.000625396489597515,0,0.000763034839563367,0.00108683415152458,-0.0605906994550683
208,"5 continuous",2,0.9,0.7,200,5,1,0.311241596775826,0.999486118187106,1,0.167946666666667,0.997441666666667,0,0.00122571063735636,4.19120668236174e-05,0,0.000785343264079087,9.69938292027174e-05,-0.000513881812894468
209,"2 continuous + 3 binary",2,0.9,0.7,200,5,1,0.309885796337201,0.989175704743395,1,0.167466666666667,0.964298333333333,0,0.00115385046962999,0.000236365508943638,0,0.000726594590189373,0.000459312704206701,-0.0108242952566046
210,"5 binary",2,0.9,0.7,200,5,0.166793137107587,0.308563225627171,0.898836927567593,0.166776666666667,0.165803333333333,0.805008333333333,8.88753023914601e-05,0.00126068883975073,0.00101712768722689,0.000389211790647178,0.000813335221185716,0.00131335841089408,0.590273701940422
211,"none",5,0.9,0.7,200,0,NA,0.939888690959895,0.939888690959895,NA,0.802126666666667,0.802126666666667,NA,0.000617926294930717,0.000617926294930717,NA,0.00122922617321818,0.00122922617321818,0
212,"1 continuous",5,0.9,0.7,200,1,1,0.940992385013784,0.984579012672748,1,0.802673333333333,0.9345,0,0.000598598380115534,0.000280191806388273,0,0.00117210496077967,0.00065256869075018,-0.0154209873272521
213,"2 continuous",5,0.9,0.7,200,2,1,0.940805018217827,0.996160173973506,1,0.802376666666667,0.981398333333333,0,0.00054143831372349,0.000116464813611612,0,0.00105426286297802,0.000294360709415077,-0.00383982602649413
214,"5 continuous",5,0.9,0.7,200,5,1,0.939990864195447,0.999950514754161,1,0.800415,0.99969,0,0.000509728607515584,1.40859038216851e-05,0,0.00115060855284325,3.37089390812145e-05,-4.94852458392536e-05
215,"2 continuous + 3 binary",5,0.9,0.7,200,5,1,0.939829361059767,0.999444191521916,1,0.800551666666667,0.997181666666667,0,0.000610590969362767,4.8337786237773e-05,0,0.00125063154900106,9.51884756477767e-05,-0.00055580847808423
216,"5 binary",5,0.9,0.7,200,5,0.166668223811317,0.940483339056351,0.997141424274344,0.166775,0.801883333333333,0.988526666666667,0.000104749162778206,0.00061767383451961,0.000111462961049362,0.000401636361861298,0.00122952181650595,0.000232366506166795,0.0566580852179924
